{"version":8,"hash":{"type":"Buffer","data":"qLMhx6Y7YNqQOSyM/iHAsqutENce8Mz+buSkeNddilaA5CnnSEJ3wMZ7uveRhF7N2KjOlcuuzzGRcSk3YHG5EFwtbZKw2CW0kdnhqcXsQ1ocnNM5OJbJy4ZvdnqIIBamJvW1IwWLDDhiEX8lMGVLxCK7JJG1NDEiqRkqiVYF364="},"indexValueMap":{"mvEOv3nNGGtxCtQB9OwvEw+dL0sjsDz30KeVK35G9sA=":{"valueMac":{"type":"Buffer","data":"1UABjY+23ly7DAEGuQG/hB01c/chwy3+5+2I8dnWkMo="}},"xQsjVEqHEcbj6rk3aOvEuZl/QqdoJYvduYrgq+wHTQY=":{"valueMac":{"type":"Buffer","data":"CfOHR9iGx9HeMXgtr6dPFn0RoHAF+c9YloxxKoUMc4o="}},"3biojvwJgJizp3cDCLtwHhcGTyVprhM2AQALjYOEuik=":{"valueMac":{"type":"Buffer","data":"x9Sf5T89+JWZCZ5Q1u72UDy1AiEbQXc9pWFBtylOBW4="}},"31ExvthQtzpOmow8SLKPj8Jv5hmtHvZk9/OK7j+IX30=":{"valueMac":{"type":"Buffer","data":"Bnyl/un398pehaM/r+jVOxIrybASveAmt2MEczsiR/Q="}},"4yNvZNHm7clqPxKqPa7oXAALRPTJdOn0xQ5Q6O9//+U=":{"valueMac":{"type":"Buffer","data":"kwumUU7JzlUpZsu5ixboKZuQ+uMWvzLl8+KldizOwK4="}},"9FCM+cZpsf39NXo5T0yoQLH8w/pBgMOFCFecOBuVKWU=":{"valueMac":{"type":"Buffer","data":"S5mXMxQ4waCVJNlmN0pAVFOCqjVc00q6Wpmudj2zv84="}},"+gYqck9mYoEZXtWVPuPGAYA724XxU0wbLG9qN77Jsig=":{"valueMac":{"type":"Buffer","data":"f5D/npNTDsupVKJj4pqNxEBhcRmTSdXMfdogogpriAo="}}}}