{"version":7,"hash":{"type":"Buffer","data":"mNaoF7WIH3fCCpfdtE34dJSzhAVfbqCgj+KLwvHzAIsSBTv8g0wfwpV5Zv4/dqoeJfH5vQIFgieWk/s4EwZDXYc5Pzn5FgHPmcgKKf0Br8YEW1jkUkNdlmF5NGJPfCNvYHWy68PAH3eDvF8SHvheXkPTX2L+wayT7fXdR5cPnx0="},"indexValueMap":{"AYxG0kpEmv+UZHsUFfeRtDuhE8ZQ7l5KmbFPffM63DM=":{"valueMac":{"type":"Buffer","data":"9CkcyRUPHOLBcF/PhTgxykpCOh1Bm+lWC38cWe1Grg4="}},"Ae1zKMeTyezrQtz7PHWGnR+b+bxccK+RzCiF4viZjm0=":{"valueMac":{"type":"Buffer","data":"GQWg9DFUbDPejXF/U/oFTSn8VN9FLufeNGyixTdGYB4="}},"ApksZKo831BcB1f8skzxoun1l24t7H4H92oyIByk5ds=":{"valueMac":{"type":"Buffer","data":"eFp123ZC2rZpBCwwojvtgu+cLr6BWbSLrXVzNsAjAM4="}},"Avq5h9JZIg3C62/9HhF2NCIxL+hTITuOH/6G9juHdrg=":{"valueMac":{"type":"Buffer","data":"oR/nG//EEw1Kb1yKrB4at0lKP+n8zJ6MmRQm9W+jtYo="}},"BVzVcvIVTzzPluVxHeN4uEHP+FxEIFTxFEQIypDyb8k=":{"valueMac":{"type":"Buffer","data":"qWTwlHaY4tUcIvaiGMec+Lb8yHQIwnCxnVpAHiJgcvE="}},"B6uUEyZ8E1wDKp/VyFtIkXHpoYChe70RA3f8aLeuHPU=":{"valueMac":{"type":"Buffer","data":"p115rai1IT0cnwxq8P/13HnI1RTC2+kCp1b8IZHgtsk="}},"CYrt43kMwhtUyWr3yZR3hHzNyet4cPZJDZGQJtLq0WI=":{"valueMac":{"type":"Buffer","data":"d+unIGw2KRLHzJHnydZClEzjANOUZ5rxaUguus6iJ5o="}},"CtH3s7WfxzuWZGXPaXegVDO+6YphTzbAWsiezzTYjhA=":{"valueMac":{"type":"Buffer","data":"8CaseT6mqsMtqDJC8+BE2T/Uju4X1Sxhjr/MRjDNZ9s="}},"C0hp1zAEDzoAToYV3x4LToTMhTjHNd/28vustz1eF/g=":{"valueMac":{"type":"Buffer","data":"NXOL6d6OzmSceazEsEtHVF+ANRBtuZZONFlcOKr2KYE="}},"EG7FbDVvhDGdw4m9TgfXDkHbU7ww+BlxHswrSnssZWg=":{"valueMac":{"type":"Buffer","data":"FfOMEGntL5BxUuHFKhkfHAHfF2OOkCoDezkBL8w/cgQ="}},"EnE2k1H8pGW6oq8F5UWQ2w65vL771Hb/QC0n2i+bPHM=":{"valueMac":{"type":"Buffer","data":"tlrlSM46Tp7vYMLRBEJxGoy0gV+Kq8Ai9GnrGQBgZFc="}},"EqaQiwj9d3UurhODG3i9pIYlGdWzVNXH4vC8NhHMGi0=":{"valueMac":{"type":"Buffer","data":"fNAmEaRyUOToTuRRKGH5lFBUIGf+wenvoImDpU0RdHs="}},"FH6h0BWx47CHWHPAhUpQrG+QKx22uwwv9oathHYECs8=":{"valueMac":{"type":"Buffer","data":"AEZnYSXaCIiG3+QQb/5RG1p+9vlXqRaXdza2YUhRNpA="}},"FIZgXEI91xTxxxkCQaUWSJwredB8qcurIY5HvuoR0hs=":{"valueMac":{"type":"Buffer","data":"pFugIHIs3mAYvdWbRY4v79lFM+t21fWpbisKiLWeDRc="}},"Ff4pqPXorGgm2tCjqDM1F/4GKlAzezBHGJOmFaN+NRk=":{"valueMac":{"type":"Buffer","data":"y+8QgCIb9A9IxXcH0FBPusieT6AhfiXKAet5x9eXSyI="}},"FmVfZV/NXYFC3ebkSEM1yKEEq32TGNUO26DVLQKXoyM=":{"valueMac":{"type":"Buffer","data":"nmiywGdR7tFqUf5VeenOGUztGUQhqJO26cEUz7kZtL8="}},"KpxQDrXcc1cA0Y4pIWvUylo97FY8rblUXITTsMfrEDM=":{"valueMac":{"type":"Buffer","data":"KbDwJPdMgfUZZvKsQVoNj5lFDMMxkjNwo+9SzKV104o="}},"LFmOIsIsZE8DXej1XN5C2n27LwF0ksm18lIRdfToM5E=":{"valueMac":{"type":"Buffer","data":"Lmb8CO+witagrPoMKqAjaVCn2nku31rjSjM8ZDfM9iQ="}},"LGCx4Oq8nVzQJT/Gm1OM1/B5KWutBkAt3OJJb5JFwGk=":{"valueMac":{"type":"Buffer","data":"gB1Ef5Wr/+66i24X+nv1WHy2X8V5O6MSX1IEjWJ2H0c="}},"LXbiaXzV10IcirVUkPLqKVtEazl3oZG4PxTiF8PAEy8=":{"valueMac":{"type":"Buffer","data":"qhWYIQySuENdKA4FnquVTGY1/gGdnLrfJgGu3Z8+Fno="}},"MB3lugZEt2veFocLxeBhqvhPocpTJowXaOP2C8TbyOA=":{"valueMac":{"type":"Buffer","data":"Sv71STxkg1bdnL92+DiwsM4eRKMnGtZDGc62B9rQpvs="}},"MX7s4ShU0fnSdSqIFl0M2cD0WcnM0dbOTl+gd1PCYN0=":{"valueMac":{"type":"Buffer","data":"T3Gh8BjmbH+7OwJTzrrLvJQDyDr5vF1laigXetGIS7E="}},"Noe3QCewKYFZL2CQmyO5uGiYKypfDYbM7Ehe2qXmV48=":{"valueMac":{"type":"Buffer","data":"azW/nwLBoXWVJOEjfpgY54iHF/tob7+GsZLW9FtHokY="}},"OIpz4Dn6FmafLaLN7NiggaM3hKVZOIAMKEH0m7gW+Xc=":{"valueMac":{"type":"Buffer","data":"aFSLDtmAblC0dKFC39ql2v19sXt/DwLNeEE93B7z1jU="}},"OnZBpEHEBYfq+s3MgRxf+9B0iZmjz80Q4Kk/KKogo3o=":{"valueMac":{"type":"Buffer","data":"8i/rXh21YMjT2r41F7q2QMZETjJmRAJ/AN9Ic3gZpGE="}},"PlM7WjIrmGkX4ryaw0ATgQ1/3c+7/wGzO4Ah8la5Ibk=":{"valueMac":{"type":"Buffer","data":"ku5Td+YxObncT8THyzvRts0276Zwo7IhN8XlzkzBWWo="}},"Pot8R8bVkV4auD3cTgmNdjU8GZXQyOPA/VNrmlIhqE4=":{"valueMac":{"type":"Buffer","data":"e5xfauHz/oOI12UW6fYM/5PK0GxCh+Gabm8wNR0/qOA="}},"Qd+RfRFeskg543u9xzinn4toIibkfH2iuQ3EhG1NGEI=":{"valueMac":{"type":"Buffer","data":"3F/e8h9bcGNYScvwa6ZitBbNjCBjjLp5Jn4pO+orFj8="}},"SYb9E9dULtllyrRwcdUBcThbhkF0KDQp6O4L0qTy+vo=":{"valueMac":{"type":"Buffer","data":"rfYTwUzRM1KvbQvOEvA0yJ4RMNAUHjwak2TAX8osai0="}},"ScABRReSHUZKaRD0ZKWSrQXO8PF6N20ul+EJzYaKg00=":{"valueMac":{"type":"Buffer","data":"xoj1cbvv5WysSMrgX7xxnQe22Pc+f/PBwPIXEzmTcxE="}},"TB8oRXDLJ8By4JVNLWOkkfN1ZGIpB8REQmGVslpRPyY=":{"valueMac":{"type":"Buffer","data":"GHPgBPTvWKzAtTNlQcqDD0aCz56OIlvsvG/IdnHdMyc="}},"TVB8bezXzBBsSwa8b7dtXxHBhZ5MxuuEGzFCzNcZ/SY=":{"valueMac":{"type":"Buffer","data":"F2Pb6Km5Nsx/1fddq/9XElY6pw1A9xNabDeoCEGKDxE="}},"TsZur6e7SXgRR2JmJVUWv9fyWJiea1EM++aRs9AstYs=":{"valueMac":{"type":"Buffer","data":"SJXEshbjqBaW4UpEyu2J9ydVXOq0z+ExoJrbQO64Hxc="}},"UgFj7zNn0gL9ASDNA7ujZ0xngxNVxQ4I1x5z2wRwkrQ=":{"valueMac":{"type":"Buffer","data":"PnH6mrNxsWqYpmB5Yu82RkO/6mfs6bggLfSfzNdXd1M="}},"UzNgBF8WHQkBnVdihVhNZgbLw0UBl4EWEsGICLBGut0=":{"valueMac":{"type":"Buffer","data":"cDc2uR5byF524m7HOBybErGtxpLBtTR7HabyEUb2vq8="}},"V0KoExmngyAnNUbEy6BBGu6za7MQ3L5bvSDIvlj7Mw8=":{"valueMac":{"type":"Buffer","data":"VlE2y85/DRMZ1NolHIYHugG5fucinHCOG3Hg5COKk8w="}},"WEfqCV7RDyKLu8YVEXFiYQl26KBbg4urBK+THTggHWw=":{"valueMac":{"type":"Buffer","data":"tokX9v4NiGqMNIKhhWY56zz3OmbtXChtn3SskUcKCMA="}},"W3qkrvsyW+FB87je6YyZfwpm0tVrOYxXATWSwHJECiA=":{"valueMac":{"type":"Buffer","data":"guExK4vg2pY1J/D2IIg7ATXDRqfxwCBNzms6fNptg34="}},"Xwu25iId07WgMTt8NqcTBVy6clr/eojKGZ10ixwvdwM=":{"valueMac":{"type":"Buffer","data":"feYIzM1HVZuk9MqlXPZdbN1vczN15zp2iNzlDHCyxAU="}},"YwXlouZ1o3Wh0qqp/PTfmDPaD/fXJl5AkmRWqRT3DWU=":{"valueMac":{"type":"Buffer","data":"rf8rwPILB5p+fCHdlempHMeXfpp3nFcNSCuSQEpxfmk="}},"eCtUq+wumXL8X4Bg7TgB1DhqdAkei6Pouy9Uu0DsAfU=":{"valueMac":{"type":"Buffer","data":"0DhnrRw+iv8Ky7HsqtCEShVmdL9B0Uv9Z3U8/07gLLY="}},"fYJdZUyGvAp0dd0qjRgZ8s0UV11+5iub1Mntsu1gaYU=":{"valueMac":{"type":"Buffer","data":"rrf36WDbDpinFexw1Q32CJ0u7l1vLkPH0wSkb3jFbfk="}},"f78zXvXNrVRxmKMdaafnPjpSb09gnYZNWc26NVMZdjM=":{"valueMac":{"type":"Buffer","data":"vKg3dDA2tuSen9zJ23fF36EI9pD3mIOOJKwq1kCd/8M="}},"gh8mrpJ7xwf+7pg69P9lkUQUaQJoO6x2k8nlkmfmugc=":{"valueMac":{"type":"Buffer","data":"tjoOz5S23dSp4HlPw3KNKSU87+DbkXHN0j+iYnLVJUY="}},"glpgWJtpd5rChQNhz9nyGewRAR00s0fk1+Re4YIOI5w=":{"valueMac":{"type":"Buffer","data":"s2A+/k/XSfWbgFNA/TuTlkVPGkRIeyN096IcVPX/dvA="}},"iXGy/8g8FYIbIKYYXLQ8j/GvUQwKdj78ocoVsp8/fqA=":{"valueMac":{"type":"Buffer","data":"ewZw3t9gv9pwkntd8XU4t0KZnMy06x82RnH8V+qzbbk="}},"iiNFyzhCwDpdtI7t4ZyMZC4PBVPEgMSSMeGzqKcMQzY=":{"valueMac":{"type":"Buffer","data":"HPY97C+QDfQAmKwm2F9emMsBdVFKaksI7EMR+L3lg1A="}},"isY4y7gkcZhReLzsRODP+vhdtGB3CLLYqLpORmbwyHc=":{"valueMac":{"type":"Buffer","data":"rVNI/kNi/Ka7y0p8KmOm//fQrLjRWaYUOc7Zb/lt2TU="}},"jahKTrXOBJFSsYpHyLCNW6AxsYIfrchgsDD3YulQ78A=":{"valueMac":{"type":"Buffer","data":"ZZ5oJXxiFTJlcaaFMtrlsxFymwh0x6YHeN79Vk518EQ="}},"jp2T2kGrTJG6ipheEhbs9jt5HFtXqq9AZGpViAuOp5U=":{"valueMac":{"type":"Buffer","data":"LjDCcaUP6KD4GW4dwlDNTb4MwMI1J5SQIXnbt1QBXhI="}},"j4O7e5Dcay3DmDWBC8bOnRo1Q5O1XT5hD1OU0uTxj/w=":{"valueMac":{"type":"Buffer","data":"UiwBVl1X7tCR7M7B0dHasmTaG5jKnO3a6b31iEaWRfs="}},"kWFWWb882bnIumvjiYYsVrRDrGvRy94JjSpgbUEzlsc=":{"valueMac":{"type":"Buffer","data":"T+w2BoA4wdQQ7sh9XtO9eaIzzw8zICrt68BoX7yAX3c="}},"mOZS5Rj+KwommH1MqfNv/D7WmE+5kMcGUeRRajVjXBg=":{"valueMac":{"type":"Buffer","data":"ZPihtB250usDZzl5c3yeqZQz4Cv3AAAdJNgW0DHRFGw="}},"mZDF6tTXtRpCDGeiHlarYc2fI+5pan3j8Cmt58Sm47U=":{"valueMac":{"type":"Buffer","data":"uAETBwQX3Ce2WLN85D+sn+GLoxP/BUbaal2rhIZ2Pfc="}},"mvOoIGwr8qC9bR5zuRwiPFsq4ZE9PynhSp9PMhKzgQ8=":{"valueMac":{"type":"Buffer","data":"CEhRpjm+5W1YB4qMX9xR/jpEAXfqCYyeb2+v58GG9lQ="}},"pIzpBFzKkvO9gmoOFUiUYEu7SCU26dzwEOZG6IvtAtE=":{"valueMac":{"type":"Buffer","data":"34B/Z2EA/yfUGUMzo4XKCLV5N3ZSr8PHpZq3TYIByp0="}},"rM+a3IyJ3jap8LaCEL4OLAyWHs8cXf92R4PZpAzhwZg=":{"valueMac":{"type":"Buffer","data":"+mPsNmdQYPFlh1D1SBVH2YwX/QnC4a23S7o4ujBqDTw="}},"tCUWZN+Vy8aaIB9L2mxpCGaKLxKI95aJTe+mJR9yT98=":{"valueMac":{"type":"Buffer","data":"ueunvnlgiwhcqnqlhtu5QLEQGJA/mU36RtdUfwE0bzc="}},"tYMlmTBxjIf+BHeZdU3I/mKD3t0Y9YpT8JTSRuBXoZg=":{"valueMac":{"type":"Buffer","data":"tCeSc4kWXpkypJd6D834rA/OIq20QYrvBx/MTxopAhQ="}},"ty8swdLXkXlbjKaa2WNZ7lilWdooMqru9/xJgWECQv0=":{"valueMac":{"type":"Buffer","data":"MW6Tg6n2SD1IwJpss2TYsja5kkKeyDeXk5DY15N2N70="}},"uEorVtD6NXwBKBzrD87HPLowHXiX+hKFwowXEiQ8gz4=":{"valueMac":{"type":"Buffer","data":"M2Tkf1ekxo1X6tZFKSX3cN8pRGAmbgA8O26uB84kRjE="}},"vBIkHtogx+WUid0hMOZQvuO28fc+wja1V6Lj46ZwWj4=":{"valueMac":{"type":"Buffer","data":"DE51DySSeOmdoeS+hZWWlPpePALFkhh9w0N4Bil9dVQ="}},"wT74Re6u/rCkR/pxzpWMugGCc1qkOd1/gIuM405IfQ0=":{"valueMac":{"type":"Buffer","data":"v25sUjQlz2l9Uq7AKPYNJRiAdUhtp++cRudhrKpVerY="}},"xhTnWtjEU1fTyjxHEnPCedd43hTYInVbHIlQy/2u1m4=":{"valueMac":{"type":"Buffer","data":"j4hyA5Jw3VJZa5S9Kdvf5/yCA15cpN+W1CTAAF621mE="}},"x5jpvHz4Ufks+Lo5VSGb3ouu+QSmbvuuB0Xy0LTdnV0=":{"valueMac":{"type":"Buffer","data":"uypnzIoBx1glWgHfr8NaUG4igRkyFg4CQkhDXtsGUa8="}},"yG9yilDXzd8kDl9an3SFDo+3jewPHuPtJIrl7faI9P4=":{"valueMac":{"type":"Buffer","data":"ZUv7l+xwR4jklWjsnfFxzagU8PwzWmZEuiXD/tgGORw="}},"y3xVXdyFr8vrBpR6iVYvtPQlEQ+cPxblHGCUsXq+IsQ=":{"valueMac":{"type":"Buffer","data":"bGXyVp8wBkbVG5+hgRUplCWjrQi71gk69qWNboqdk80="}},"zNImebcShWI6xl0ZyVfUSWuz1NVEy1sEQhb9J8C2Qts=":{"valueMac":{"type":"Buffer","data":"8JooYUJ9+G4n0ffMLGzZugGOA6egLVUh6/DBIYY2++w="}},"zoX0/IQYIjLipemAvqDShkjqKl/WWUfgs9+/oV5Wp94=":{"valueMac":{"type":"Buffer","data":"Kiwn+aa02CUag3aTHgy+fq0TL8joYwCuGhpbFi49ENo="}},"zu8zrssjMNXBZTTOi5+iM8qwtfx9okQKa8E/1DsC2tU=":{"valueMac":{"type":"Buffer","data":"bKFt5bGZfY47gpI/ziF9+VtzsfGh3FMFXd3TQRvCSNE="}},"1Uf7mRqJK6d9VPWykXEVtZDP5YvtG/l+SrBH3mzGDx4=":{"valueMac":{"type":"Buffer","data":"Eo2PGVmmCObpY7/fdCvXSasiBJgXfTUJOX+7jLFywyo="}},"1uisBEpR5oA2MB/K8oa/R2NXcz6hCUttmV3Wo7oA6Wk=":{"valueMac":{"type":"Buffer","data":"xiJPR0Pen4BrXSN0r9cOFi9tYkpAZmgRK0nMgl1O/XI="}},"2F9wqF0157SNBExaaLmEmiBnQtuPxdutVb7Ke8uAqqM=":{"valueMac":{"type":"Buffer","data":"8FOv7DxkKq6cM6dbu9RarAdlT0RVLL5G0noQ8KCmeno="}},"3AZ9x6cUm1U1W+Aji/aNyG7oqH3P0KTET/nSOktSxu4=":{"valueMac":{"type":"Buffer","data":"bWJkf6MaeLsDaFct56h5m0BTTPfmGiwUneUi8MnxtsI="}},"3w6wKFl25JuZAyoC1wsIlBSCRra7ryirsw/QRswZfBE=":{"valueMac":{"type":"Buffer","data":"E8akuOTzyNuQN7gwkMrFhRHQNZNj3nMdsIhYgPrw8Fg="}},"4VzNLZgXwezIjUPF8xvttrRktFazI1btAiM1Qalz4tw=":{"valueMac":{"type":"Buffer","data":"SJwbKsKwixFKhHXw+H8ATICbC9Vu7H4ASSAA9ADmwMM="}},"47Ffh179cK6lPA+JSZ061Q5MqfNaMQKKSGiF9dw8DsU=":{"valueMac":{"type":"Buffer","data":"aXm6FCeyWHkh+sFwx2IjDloszl+IgIXLm3YsLr2VMy8="}},"5DG7YDW8ubB02keGcto6ad4DbeEFwcIzx/tBtugcy3g=":{"valueMac":{"type":"Buffer","data":"RLKJuTu1q9Rk7ueAp/UAC0A5Pz6VLFrwWYWcCR+a+Wk="}},"5UgfLhgHS7qARJKBrWCrMoyYJQYSLC4OszVZnLe9NAc=":{"valueMac":{"type":"Buffer","data":"AtEqy2YE3S7zT032aI8HFnRbH8CutQmz6REl93mmF6c="}},"6PFPB6drlg+BHOvQNJYkNWAlwyxDQb5O6oJt+Qzk9Dw=":{"valueMac":{"type":"Buffer","data":"0jbu+C8TslX2cfAvD+G2cPGl29hSVw0mfGVp7++fi14="}},"6WVV6/OhIO6KYqowhiGWrzzBwZ3xRT5MrwpUo4SVqNA=":{"valueMac":{"type":"Buffer","data":"vZ7Ospb7uCQOlpePaZ64sBXYCLJNDzA3bVwFODokt98="}},"6Y/ERvtAd/rZoHo0wpNjsXISypU4A17ZtyxCduuMwNo=":{"valueMac":{"type":"Buffer","data":"OsiBnn8GYJaplwUfJiMxfBGxsat1s2Cfa+l9vL/nXEI="}},"6fDQ4bgr8nOfNKMqMAkvaDt1X9rWBsCywf1EqVdsI9k=":{"valueMac":{"type":"Buffer","data":"qRRri2JFN6OaB7zAAzIG6S1uwvBmxwMw6NeNzNCXIwk="}},"6jODOsh1uGjVaCKUbJnW8UHhwRNbg0mfN5yLXtjo6iI=":{"valueMac":{"type":"Buffer","data":"mVUGpT3c2+1Xvhsj+CxH+i9KZK7a25Az6EqPXh+1qI0="}},"6nzVYnew13IqL/VC15buSyrR6k7PtRajrxr83hRY1Hw=":{"valueMac":{"type":"Buffer","data":"3UeE53wDHRdPS+zQAaRNZ157VJIMCaEBv9jZSIyHzN8="}},"8j7Zs2mzwQLhGA+ssdgW/i9KWSvwqfvo9JjT83AZKOA=":{"valueMac":{"type":"Buffer","data":"DL9RLKeRhmMcX5J8c641OCzyXbHzoy8NPB+tOUPi1xM="}},"87DNj3wBU1WGdUjO901IxpaJ9pTx7/h1OfsDQKhWd2Q=":{"valueMac":{"type":"Buffer","data":"8Fvogiu/ZUNhJxw/eFlyWp1FvZANZvm72WQKOtfgwC8="}},"9KuRDmOJw9aJi+DDHf/VaAZBfSrKvxs9ivzVQGSKqes=":{"valueMac":{"type":"Buffer","data":"XeoHW2e9x++jF3fYxueqhgs2/QjE+x/M2nXLUD1O9ps="}},"9X23LeVkKoPmFWPm+Y3tM1tHM8zjV+w65t9bF+tfrhQ=":{"valueMac":{"type":"Buffer","data":"8VKl+RzHt0Ogz/u2zAL0C/7WCBD/W0g2Tyf7OMpOFug="}},"9k/CoouaUxKU3Z2LbqesQMnbsKEMj6yKB5oyro6mBLs=":{"valueMac":{"type":"Buffer","data":"4vfT0W3O2AJ1/V1a9uh+J8g57plRnMSrrs7skwny9+M="}},"9lnQuUePaaRlpWAF8lHMNLaIpjDylX6hIKcxC/M/Rm0=":{"valueMac":{"type":"Buffer","data":"jFPpj5IbQn5jnBhvkSLZFn/UT9ag3wSTopKgVfWflU8="}},"+NKjsYFKdDq+a/DxlEHcdCCQQkfQ/Obs+PJliRdL2f0=":{"valueMac":{"type":"Buffer","data":"BBHXA8XggMtuVrbUltMhGlxy0ew//nVBGvQEIzdt5yg="}},"/CD6N0YswG5r7KxZCEgq+Y7nhBZ68+9VyidbiAGJh6Q=":{"valueMac":{"type":"Buffer","data":"LwJpvgE+CtFZXL1bCcQpcEotbKR3EdZ4OJkGesMzaGg="}},"/Hw17f8QuPo/l/ZCyI9gV2tTQa7xDZZdXB4Fpqq3ny4=":{"valueMac":{"type":"Buffer","data":"QkiGDTGM6Dv3awowHa6i2kYYt6ZI1u4CufGNSQ+V0lI="}},"/9Y8ywRR5hCyo1roZ7JtVymIKOfKC+qtmZDrusBYJWk=":{"valueMac":{"type":"Buffer","data":"YhFXfi87NnrU/AFHtYV6Ts5E0IDIPMqI7YBnByGKDYg="}},"6QBv1QL04QR6jZWe33i9GeRZUwagBeL9FwM7Xc0neIE=":{"valueMac":{"type":"Buffer","data":"PoJlu4rz2YIQJN3hy3fBvZFyBN90UEiO9OPRHhFcXUI="}},"l9lQvjC6p89uhiSKdYH2g3mE743zPe0FNdmkwoOcHzA=":{"valueMac":{"type":"Buffer","data":"zx24O+4OKBS0pabOLJld0ybI0hC8egEQg0Qp4jWJbfU="}},"ecaw+/WVJMW4qQFTLwvyXBRGh7Zd9EYsA5JZitCOdf8=":{"valueMac":{"type":"Buffer","data":"bjAvWa0s1bxrfX2z/C270PfJN8AISCnZb3ERgvRS9IE="}},"KPg7JtXm+BxXdFYfvDRDUfxFLWelD2QFMXyFOuNef5Q=":{"valueMac":{"type":"Buffer","data":"yN9Gxl8FCYNpjUkteioMs8ggbuC3oSiS/41MZ2Reo5E="}}}}