{"version":4,"hash":{"type":"Buffer","data":"i+YYhwIJ9j7GI9PmKdaa/QVBdR27niAJTxllEAv23UD6BUJnAzrYjro/Yayfa9DuANkND8Zm3b2zk6vdgFHRPO7XZO+ra0wpP5HIINjNPA/czAB9SN0Yov5ZJwmxIevRGqT1IOpvniKlzTjOi/0R8T4bsz3Q+TJifyWjXIyvl+c="},"indexValueMap":{"AQXUpkUlzulMwVoVdCGG7oxYRvpgtAnviTD6iK11ouc=":{"valueMac":{"type":"Buffer","data":"3JYUHvxsCupAvHNBH1Gb1XVpP9w6Pal3e/+IufEB55Q="}},"Arr7f+oY4XRxIR7h9kFk1JZvwjGSsiUU1U58Fxd9320=":{"valueMac":{"type":"Buffer","data":"VsMDRD/FEslhLa9FZMt5oRC2J7GsM9G9c1V4uQgJGEw="}},"A/u0yIOUaJn5tHqBN2Upd5sVD8dq811409YCVEY3Mf4=":{"valueMac":{"type":"Buffer","data":"QLYZ7FX+mD/IpnVQycUUx/ETa/1/xqRdiVUBd4fiJRQ="}},"B6nAXABr0K33zovURHFymVxKQuB74iDSewKnBks947U=":{"valueMac":{"type":"Buffer","data":"teC/XCDK9P3P1KeCtlU0Z15DxRIQaRDgRX4/3VtaYxE="}},"CSAa3YXYtoAV84VvvFNnHuuymE5XgaIakxdzvUB4/3M=":{"valueMac":{"type":"Buffer","data":"ko3Ya2EhXjaEcLpi+SWyzyqhCdRhmaFGF60qd9qs90w="}},"CnbJHj9fFNxsHA9VyWZI2raKoTMX6ZAtoXnxLiRJ50Y=":{"valueMac":{"type":"Buffer","data":"Jv4d7zNCBpw2EOH6AgqTbQNqejKlRPgmd/SBKQsdKZM="}},"C78144U3bFtpwB5uln9narM/dXpZwvWIt9wKEORBnt0=":{"valueMac":{"type":"Buffer","data":"hVwyLsxEL4dNmYqImx7Yes3/1QEGot2riuaXx3y0DeM="}},"EqKAdJhDxcVoajgzFCEvaJFdHlokj0I1wqvIAI1L8Ts=":{"valueMac":{"type":"Buffer","data":"DyAZfKCEMzzW/V88L7sJFgJ+3GBzDRsocDmhMePg0nQ="}},"FZYzb4WeARf6iNxiYPF9ILt00hnq3VMFuV2O9yGTAqk=":{"valueMac":{"type":"Buffer","data":"QutuoA2LG/phQImiLdPbNcwnEprRP66tfPFpdZN5i50="}},"HVmgYg/ZSRqMsIshnGoxRBi0/8LDyLvTYAoey/Wu7sg=":{"valueMac":{"type":"Buffer","data":"8CkjtgyGBnTUizPEGuQcR4Vs9CwPhMs0oyPcgX1+e+A="}},"IRWc73VeRo3EU7qbh5O4r+fCJG7kZASRbWEORdzpl6Q=":{"valueMac":{"type":"Buffer","data":"w4QsfdkZtpBBkEmduTEPcFIqJfASpn5voAOGUr/e2h0="}},"JY/DtTbcJwuuo1hEQ54adpj1d44aGPVCJEBh1d/BqQQ=":{"valueMac":{"type":"Buffer","data":"/l/nrfcyZWQnK5iGT8zoig+abAVnyY87mjyqcDSXMrE="}},"KeKddH2paN9iaW4ZO+RuTiNVMSCN+Tj9yOIWOqbSyAg=":{"valueMac":{"type":"Buffer","data":"Ji7AmbFVnUIUu3289iz9K8Q96DJACfTVaiijqohQbKQ="}},"KwflszJy0MR4IJmW8Nrh2hub6Q1zNaLG5sWtWWCKTLA=":{"valueMac":{"type":"Buffer","data":"CRm/HMiyS79Gaa5PJo1wRJu2DUbyeUozfnn0NHQpKco="}},"KxYCIXheVyq9tIJIpJLtXib95q5XVvGGREl2c6YlSAQ=":{"valueMac":{"type":"Buffer","data":"7TSxF4ATmYQLTPxY36hQloDO+622bmL4C2JHxBFYsUA="}},"K7ZceYGvRUFft0uqfoC3D2Oe2WAzolikebEyTtNXO6k=":{"valueMac":{"type":"Buffer","data":"UWO7x+LfjrV046/CwKRdDT3/kOs+rX1nXIFN8EsWPSg="}},"LDfpblyEEDXvi5f/OD7Ml+ZRhW4I3g/+UdbvQx17PFw=":{"valueMac":{"type":"Buffer","data":"VNuxUTfTLD5eT6Ejn998NSIjvt1VTS1SKNRnud9dD8U="}},"LNGMBVhUiudgtUxMWnkfrq8F5Qi3gMiNoo0d2SMLdvs=":{"valueMac":{"type":"Buffer","data":"Qb3XYy8fER1ZA2bYzi7m4CBj0hvk2EILBnHkhBWomUY="}},"MKs7y2Q8QtJkpnfU6SDKxAqKV9Ei65U9z4o1+caz1Gs=":{"valueMac":{"type":"Buffer","data":"LTojtUJrHhO8cR60P2nWU9IuSSeIPTB706PlhqmeEHs="}},"MfPqVvJXI4e+HZ9wEjGTMO4bQJdwF0oPzk8pSZNURNs=":{"valueMac":{"type":"Buffer","data":"3+2P8ooSden9LbXG+4PnjIapvIu5DSSQ2MgOAKwhTBA="}},"M5ukaxzENt5iMADWcfw4VNGMsKjuGjGPdnVwR/xBe5I=":{"valueMac":{"type":"Buffer","data":"KI/UxRuf0NBI86I+u6u0486l+u3hHj/yN1iPEtrbZWg="}},"Nm2nL0KQAaSzennicAnfkpj5oivH1w1++O0i0YYfF8c=":{"valueMac":{"type":"Buffer","data":"U6I+/8bWKUY7jDw/oBp6K4bFum7oKlMreHQMxZtCzZk="}},"NtSnCFa9UZjDO8vXE/4GCJFGuXzX/9NWvCB8Y934cLg=":{"valueMac":{"type":"Buffer","data":"qi/htNm1GmLF0PKyw2wJ1J/qqINeBni/N8wfErc5iJU="}},"O/HZR7UIG04+uZvW0tn11wzEVbdb32ORAxR8o+w3TTg=":{"valueMac":{"type":"Buffer","data":"NHx8GpsB1J3NqXuGnukitKFsAkSAYbzQGwcuD9sylV0="}},"PtlHp0rcKKd5w+n7JV1YPHjdBMaFkG+yv+7jwn4M9qI=":{"valueMac":{"type":"Buffer","data":"RF4gsRi07tV2w6kV+wX+dzsqCED+hR69KXVJjmLwR/8="}},"Q7aGxF5XMzp5jDxZ2vmPdNi/hiylSfg7AhZ4D1I6LvE=":{"valueMac":{"type":"Buffer","data":"OEOX8flXcfrBxeAU7BVi0jtbk3J0J5cIuvF5vGViUhQ="}},"RDv3Xl2/1KQfDRjSWzUMJbcNWa0MSx+tIihb0QnsGsM=":{"valueMac":{"type":"Buffer","data":"WR3ZonF6hAZN/5aTch8pK+1FdaQuuYOqydibiCrcQdk="}},"Rv7cePrZyq4TMQDP58Ohd2Yz/Z+6P8BqvkwunlAFCHM=":{"valueMac":{"type":"Buffer","data":"7tYIqFO+AXtZR+8uSRKYZrLVZPBUMj1DJQWZl2sq6jQ="}},"STgYvvcqkAr6tVPhQc4MSPT7aksbuccsK3/7656wWV8=":{"valueMac":{"type":"Buffer","data":"2hf5WmIBlP9jVmmQI4VmMTvb9AMVwl2OuYggEd5H/bE="}},"S+89PH+yAeooHM1/Xul7qU5NMvd7e1Ed7XOGYoEp3xY=":{"valueMac":{"type":"Buffer","data":"zjF+n1Xiq61m/BvMkQct7Mt9zhJumN9GhWWaHbI43pY="}},"TIoou7wn906VQNRXGYGypVBY+AmqQseNJzA514DJ4P8=":{"valueMac":{"type":"Buffer","data":"NbBIvCc9X6R3j60TNOAPJCOBmaRySmh83FJgyzpmfEg="}},"TIseuhgc/RVu9cuRe6IVgXVsfcjWxD1rrjEeFCgQd1Q=":{"valueMac":{"type":"Buffer","data":"SDck6N0Eqi4a29li8akX+80eI6PHlwyMv8BT5MSniO8="}},"ThYeeKca4EkAwVo8VbnCGCmEeY9Mu8rI7bo92Z98l8k=":{"valueMac":{"type":"Buffer","data":"MlKPvOVKUX9ky/Y4NoRPY5tcxrOXXN/sDWPbl4CogS8="}},"US07b6/SDJZzVX/bbNnQtc9mc141Wyo3Q1rD7jWdfFA=":{"valueMac":{"type":"Buffer","data":"3MH8j/FsAapaKkrN3WJ5LCDv5Esp5lVNeeUwDxNbEC8="}},"UgC7EB2B4fuXR6PyowTgaEbv9QKQ1u/aoT1YEsk45B0=":{"valueMac":{"type":"Buffer","data":"iCrJIR7CCJvjd9f9e+He9XOJMgha+WAMgN5gHt0awJQ="}},"Uzlv4NXXL9qA3mEYuhYC9mbTOY4/wNZ1xCc4eSMh1nQ=":{"valueMac":{"type":"Buffer","data":"W7/C7m7V/YSMUYruQd1NOcJApwXwtZ6lyRhnSK8PH6c="}},"VB0KOqbHGApEYEA0iN0KpZVGMlY4qOfU+ystEFmxljk=":{"valueMac":{"type":"Buffer","data":"PVDBYYbDSqWhc468qTTNO4LVewoWsLShxz31pkUPTwI="}},"VJDY+TTX2cdNC2qnfGWSxNFB/dNo7xkZBPSY+jBngqk=":{"valueMac":{"type":"Buffer","data":"L6Ti+2fTCPXwLtS0nBJ3gGjVcLaxomHXTvm8LZIWI9I="}},"VJElSbpaOKkIViP9IdDalSPSK8YWF64IfvNJWhbnmE0=":{"valueMac":{"type":"Buffer","data":"tZhhsyTKYbi/i3KdKVcx3ao4pQNnj1Dcq1Q3yvqb2fs="}},"VwSR4yCLaGae4fG9+lLRFlmssbjGpAAOBN6M4q2hUUI=":{"valueMac":{"type":"Buffer","data":"vc0vsmJ/NWorCqu957O7A4EF4zwqJlskmQ8Ksez3W1c="}},"WBCw73xi8B+BU4kzNfg0zYJTGZY3/7tmo2z+WLwBKBA=":{"valueMac":{"type":"Buffer","data":"ecl7CfuVjDNfYg7VyGBzdBxW74dauFOVQXzVRo+uyps="}},"WcFyLRg8CociUUvDVakXtpu2dWpoaQoRT7ugXQqEWdQ=":{"valueMac":{"type":"Buffer","data":"xV9rIBud5M/QDDQ2cCndByOJF8qJ51EzdjBDlf1sF98="}},"XB2MXtTF991VSxH+5wNzDZKswsUUiILmdgtB2DL0s50=":{"valueMac":{"type":"Buffer","data":"2IV8Mz+KlB84nxw/kfoVnwg/x5ii5DxFlqF6ROGPgvM="}},"XxgcNqo/K2z+XAUEsouUQLIbU2RWfrEuC7B3cNx2K1k=":{"valueMac":{"type":"Buffer","data":"mhRGc+ZKL1BilZoCyOHcOqVMkGPRi5ljkIeu0/aJI+E="}},"YTNPpacrFwx/mSD+rDeQxFxY/oMRiQZTItbMbhPh4iQ=":{"valueMac":{"type":"Buffer","data":"X2nTIhvs8tZvtCYQFr4lpn2lxq+tIGXA9rYpLJ/ahBI="}},"ZYFGHoTDezxHUKj3bMYrRyTl9j05peEBDa/4kHhiV+A=":{"valueMac":{"type":"Buffer","data":"i0BofTXaBpIwqqgAs9TVdYzSmSzpKrlJff9zFbU63CE="}},"Zb1EDbva1ixRfsXPcTxEHNTDTQUUhKBlkZhPlwnIGf8=":{"valueMac":{"type":"Buffer","data":"Yi/JIwD4ikxG0A7MLO1ooRkd2szC/HiKYjBuvFm05pI="}},"Zi4fbx2jKYNZCTusvz7lmmxSgJfw1iwt6lb3rQ4bNpU=":{"valueMac":{"type":"Buffer","data":"noOWp+YG207Y6/Q2R6B3FVbDsquUQl76vjLIQPPgNbA="}},"cYEoNWpLKY4RXaXwRFJ2uxM7C76eRVuVtdxUBR8viJs=":{"valueMac":{"type":"Buffer","data":"xl2ciyhFyghebF6wWZ9rD0yUQUAcetVA9R0sb++Y58w="}},"ct6FbQbxTKrizgTy/h9duBLHQaY0tdhmzVdcF4c6Y50=":{"valueMac":{"type":"Buffer","data":"xeN0q/YstbCWXsxIVaKsBzmD/aP9Ne3e5sX+k6suTio="}},"cyXbc214oHvXqKjkK89MacYcRwXfYcmE29qkEeHBL88=":{"valueMac":{"type":"Buffer","data":"Ex36gGvE+NkDpQNGIfJROJDCWOjgjRkw6A8ICniQO+4="}},"dK/6Njas6TWtSGun8nfFV2+i5MLsrNgh/IqHUIU9vhs=":{"valueMac":{"type":"Buffer","data":"B4CYvqnT+fIw60hT+S0y9f20HB2k65uKCmVJOr+3jsk="}},"drM8dJi4QBiJ2rI66hGAkDfJCDzdu+tTIPlXfkezCDY=":{"valueMac":{"type":"Buffer","data":"4Afe82iiG+eM/hEm1SCL4F+7BczakomooyfjN37+MxU="}},"eqmfecuziRP8veUBoC7bQ2QYJFEacR959bfMmkR90Sw=":{"valueMac":{"type":"Buffer","data":"rOUkNcR/iP+3ArXrMabrFDqf62FHgQysKrYsuDmd/Hw="}},"fA0N5MIEJR4naduzL4jTFRPFJehuDNDloeB+Q0MUlwc=":{"valueMac":{"type":"Buffer","data":"2bknB84qQuwQsPheyGh5wfIPB4+TT5pGh6P6P+pdZMU="}},"fOjIMOJgzt1AKDdNevHUuL5tsvbxUZy5beuLzfzNQJk=":{"valueMac":{"type":"Buffer","data":"oynf4s7V40hHLSCNrAFiadfDjoEvUCjkze9B9n/6T9Q="}},"fPmkOlg9kMO0GGPE/gJr6eIcY6WrARttY480K9gZ4pM=":{"valueMac":{"type":"Buffer","data":"vQdJ71aYc2feP+n3RDWcgz6zMF0eTeSjvYUjwDtUzw4="}},"fi/ZeeEbAFzSVomsl1itnvhGfCdoN+P1Hu/0E3O9Lug=":{"valueMac":{"type":"Buffer","data":"FNiSF3Seu+2b+YU8iXjRLfBivdShdZVyskrYrp7WwWU="}},"f7gBzpPTm1T5xIfgqUMWeANItnct72Ec/lvLwG+wOTM=":{"valueMac":{"type":"Buffer","data":"nH0JiXsOPydwscvy6UQD/WCPcvdL7QzJaILxgzY895Q="}},"f8voC3gpixzLZT/VOfanDNXOEz7sXcNzORKhDr3zWx0=":{"valueMac":{"type":"Buffer","data":"4GVPTPtN2QGBUfxudUh0v9bvHyrk9Hap6f75GHJF00Y="}},"ghnAQ6hYLM16UdqeCWge4TMQ8fiOOe95yUVcZSON4jo=":{"valueMac":{"type":"Buffer","data":"QzIFfW9BTLuclAFYMu4HVD4NN/J3w+jdsngxq7LbnfE="}},"h8UJNhnkJ2nSjbfsc3PXdFjORBa5xsrfVCeg0QwnMVw=":{"valueMac":{"type":"Buffer","data":"VUZm2c5FsLNNuWFbdEK4YTCCPk/Ye1kaGACcGywhm0E="}},"iT2yl/0+dm+dKgdmEiODW4zutNdwW76LgcHmaEAklpo=":{"valueMac":{"type":"Buffer","data":"BKmPuOQgnDtIvnFlQSDfs0SbOKujly1TBfkKiR1guqA="}},"icpMKJx8iPuLYM46RjuR/Rf2Ozivgc6RfyUaERXLSYg=":{"valueMac":{"type":"Buffer","data":"yCuCQUnW2A64blyBYSEbe5M3CQWCVyGerFhGqoE65d8="}},"ighTzGTzkEJBpA1F8Hith3R4esGVBsd9P8gAC2O6S9E=":{"valueMac":{"type":"Buffer","data":"ciPWqac+saneKUI8DoIizKOCC5YT/9eOSJ6XXfY2K1U="}},"jU4tORzpOaHFg2oOPudQ75SeKOO0V0MkJB0HsCvj1X0=":{"valueMac":{"type":"Buffer","data":"Rk+MZ6pY1P/+dVkEF8b6HEORDCYggRXgS+GOM2LTh+k="}},"jdHs3XrnFd4Q/EY6DYQMD17i4JW2RZJg2nuq6WrhrGw=":{"valueMac":{"type":"Buffer","data":"RAlOx+qgfyiHu3WenRyj1Bm7a9Q33FMiQaY14Qns7dY="}},"kxKnh5k+RXmyWasKlGJy704nKm2yw5J3+GsbIvUsO8w=":{"valueMac":{"type":"Buffer","data":"tGix2jHmPCAKlzoD52AzFEfXOtGBLN83KW6t447kcdM="}},"k3t3qkgqkE/0g108J49GGzgXa/gKsFkg/ibynSE6d34=":{"valueMac":{"type":"Buffer","data":"30szOHmQm+iTQJE5E8GkLRoD7qxeqqwaZJej/Q7UT8w="}},"lPruUFhn5a+MvzoQ6FejZNOqY5uGQOymdDtlaUOQiy0=":{"valueMac":{"type":"Buffer","data":"faB3rktPdn3y8fx9RtDl3VMlbiYn7wafBmBDXSOiU3Y="}},"lWITD8n/Cf3tbVFOA2qT/XYtah9nAtTKBrbcCmK4AQ4=":{"valueMac":{"type":"Buffer","data":"gK9IpHwkrMZbUwtf0yuOYg4ZswKfxSPtjh03aTf7vXs="}},"lwSKQi43F3f82qjpVUG3pXTqxX6QjMxLy/0gUnjVSBU=":{"valueMac":{"type":"Buffer","data":"Ui/b/F1skD972y+eA+hUc9Z+6BlK7uIcps/1P3GgMFA="}},"l6Zxw4G6RskB8bo6WoYCytxfnhpG9FzV4gq8FT3PSEw=":{"valueMac":{"type":"Buffer","data":"z1OiBZzzWmCxbbr3+r/PFCHuYcUUnSNGOkzAhBJXqL4="}},"ncKTq/d4YzmcOg1w1IFZJYQT5fcjvUAHkd5yakwAxKY=":{"valueMac":{"type":"Buffer","data":"Vk5AWb8uvbnm43ql0TYR9iQ2i62eCjeuKJ07hVwgQtw="}},"nxOvAa+hO0tKqFHn5q+bpX/Z1KuGGm8mFfK9MDOyD9s=":{"valueMac":{"type":"Buffer","data":"W8ZBaV8LlVXFvOZAIQ4EdZdECzSRPXRdCG2b+BRF7Ek="}},"n2COSU+08HWKxqHkRIqCNpZrsv0MMr4BYaYEJHs2faw=":{"valueMac":{"type":"Buffer","data":"HPBNBJKoL5wksXalr4kIlpq0z6fRAQgQk3G7wJ3tZYk="}},"n/edCVgjnfIX9PQZ8opCTjQPJ9PqboZ64t8IHD4OdTc=":{"valueMac":{"type":"Buffer","data":"QMH5WJ4FJWB5f3u2YRQzMFxqf6UzhRFvPHJOvfYKO/g="}},"ob1XVcYmmOgR9JRtnDdNKmLu/t2DBjQTSZrLWoPdHGo=":{"valueMac":{"type":"Buffer","data":"ABNo4qQdZ7Yf7iXMQPQyriTEb8JM66S2t69ogA0i84k="}},"onftZlgdA2fSC5g7oK3C/YGgOwovvMBUnuoMFIGx4gQ=":{"valueMac":{"type":"Buffer","data":"1rrJrZcLZ/3Y6XA9mH21Uw94uhcmOFXKOXDOIOQBo9o="}},"o9nWKm1bp0ICFpw7j4AyZB9b/+kcsk3Z05sLrXcFZQg=":{"valueMac":{"type":"Buffer","data":"B4qyv+TyJKqoDeQMq0LMtaPC3OA7+rBEoIahpu81+oc="}},"pI2HmEmIUdh/rqReF4/LHMxACVleoxWCXRnhaee4q0s=":{"valueMac":{"type":"Buffer","data":"Es9ZpZ6crODZCPP6fJt6a41wjT395tJLnFaq6KsHH+M="}},"pkUOJ7Gl9Ridhf6VXWoZADUbL8K8PYR5oG84+3dhZIA=":{"valueMac":{"type":"Buffer","data":"s5SGe1rm6Eyd78X7muYfclKti1BUH/eEu4nG2hsAuww="}},"pt1EYebfGLF0s+Yx9f8Sni0PzuPqgEzxM85RGpGGZ5E=":{"valueMac":{"type":"Buffer","data":"pdZAekfJOQBksCWRg0EVDTSna7lmB8uaCVOzC6UUQls="}},"p6eZ3ZBpoCu6i01BMAbFr6V3Eg5h7PCrvml7Boivfj4=":{"valueMac":{"type":"Buffer","data":"QS51/8/SkJVXRUHDCFOHilvJDtBJ/BILwCzG4+elY6Q="}},"p9ynrNCn8R9imObAQ4K5lg/uy5VQOwe40LTpIXAtXSw=":{"valueMac":{"type":"Buffer","data":"RiOh9f12XGfgoAZakceoW4Tgisl2DcUeQabjNg6B/10="}},"qQlk85P7z8DOyS7llwrDDufUywg9SN/kMZNulmDjwn4=":{"valueMac":{"type":"Buffer","data":"fBjUQOnal+bsFu7m5IdjA5HvVJ+ihYjGtpBcZ0b975w="}},"qTujFXNxJfA02wEYZIonwji/EYR0zXhbcI0sZnZOwFs=":{"valueMac":{"type":"Buffer","data":"D6/KRDx9dK/5z6yRvaS1euN0J31Wi6E5yhYgI3cjGiU="}},"rQqwVteHa5sXWlBFMTopHhBQHt/hn7uIkouvt6JxlQ4=":{"valueMac":{"type":"Buffer","data":"9czzek0jQTItAGfmi9VYGW+mW/26FIUNLP16TXEfegY="}},"rnfaQiyrD4PNS9faWaL3vCUmXkawKQYWXznwbdEJIbY=":{"valueMac":{"type":"Buffer","data":"Q87z48yV1ravwzKjpbOCE8JtjLP5/1FwVbgAtuH7ooA="}},"r23lg9CXslyPNnOAcv90LncPOF2d8U6gAMc72OtycIA=":{"valueMac":{"type":"Buffer","data":"pvn0N/jpKb3ClDFi/wS6AIApca2FALUYM7yRztR+cRg="}},"sUVe9Q0jRdNk+B1iUJaMrNrZY6Nk2rRdBjT1jazdcJ8=":{"valueMac":{"type":"Buffer","data":"+CJD2WZgGXEW/AQrrdxQBUQr5x1wcvag6qpt3DNwXPg="}},"ucHW6Jd9cm4XR9BvlNCm0STA3sygT1qRYR2GihlpYoQ=":{"valueMac":{"type":"Buffer","data":"0yZLPXRIrugLdUtn3nKTUL/8/zeOu5gsjP9wSubWEyU="}},"uxvEiWknig5ImtcIGg7WZa9K9Jua9F2etXhZCA147i4=":{"valueMac":{"type":"Buffer","data":"YOSKvKk7mSokGy66b3YOW1L7+31daHSGCTvcCU2rdTI="}},"voe6+9Nl0P5Sm60q7mDMTNO7XCChMK0tOYx5vifPAug=":{"valueMac":{"type":"Buffer","data":"8diytPiveBb0r/fbH5uNjVan+ggWaV37W8b0OZLq9xg="}},"wn+jfld/19LETi5MdRyYfCbPb9iplaaakyQeJzHRSc4=":{"valueMac":{"type":"Buffer","data":"gAbnT9iz/3RfZjZsDF8GN/XtnLIVoebm8AvOVW737yo="}},"xfgT0RULqPQRDhpdm/HQKp9LLY4Nr0krJsi/48abQY4=":{"valueMac":{"type":"Buffer","data":"tuEeBDg9okDI6ZmaxVM0t7yn6iWzj7ZTWgB6QGo9zNM="}},"xqhqXAi7opm6aziBvIIa/pBK1O0OQV1HsZr1FoT/PQk=":{"valueMac":{"type":"Buffer","data":"IqPykec7/+8LzNDaYsLsafhLi3/EHamPxI2oRYxnluI="}},"x2yED2a4cREoEoNT5hzYZ79jalGFwmskuLr94giXEfY=":{"valueMac":{"type":"Buffer","data":"uVkRGAlXSPAJ6iJ1zkjvwWIJBdYV/7N71CLGHHOumCw="}},"yDVKaK9drCzd9je3Ty3LsXiqxz9TC40i/SxGSuT7dAs=":{"valueMac":{"type":"Buffer","data":"K9tZGhIWxjFGpssVF6z4xJh5Odht5JjflgsfDRq9jOg="}},"ydyjhLYPMWZv519jIg46IZhEsXCuArfhy9qLO9F+n1I=":{"valueMac":{"type":"Buffer","data":"JToPf0OIHvHL+w10pyGqref75tB4yKVkzv39YCBx5tU="}},"yypQs1yrZKOoxWw71FXTfMJRUzGCTAFyHoV2lfkOHK4=":{"valueMac":{"type":"Buffer","data":"jtoUJO+OlSUHBpnLtVFDX00s17oSRk8Yf64Sb56H7VA="}},"zKFF32268r2Qq/b6S4T56H9Kj4+my+PNVUiWpUrnQvI=":{"valueMac":{"type":"Buffer","data":"eNwiIConDJmFcbIWijar7sPlsKsXRwz+TMw0cz4GiqY="}},"0rc9XfGsmPUZ8+l2elXA7DplcwxMqxMeMmnsyushD9I=":{"valueMac":{"type":"Buffer","data":"5s/4YNAqr3PghfBd88nzGtfeBauZTa4yBut1EDK7FCc="}},"0sRSuyNI7JbnKOEapo8FV8F956Gr7nty9VXINqA9vz0=":{"valueMac":{"type":"Buffer","data":"4OLreXq9kntkuw1Ih8IxnaEyjz94Vg/pVcV6M5iCrlk="}},"1CsR4r7np9ja/9wbrjLqPzQ5w2xgQsC/VL0d6rUUrLI=":{"valueMac":{"type":"Buffer","data":"K2l0fZZf6KrDzE3XccfXoYSBvrUDVRl8fa0eUNpV53E="}},"1LWRAcyDP1AooIvNN6BEu87wYlAnktID8BZ3sERATFc=":{"valueMac":{"type":"Buffer","data":"cI0PXtBwy/q91di0eBuIMcn45Qk0FUhMMnc3Udc98mE="}},"1XPsfSkpyRulT/c9NaSgm8vvJn85849Xa7xhdRdW5oI=":{"valueMac":{"type":"Buffer","data":"8iJGW/mQSVQCRU/4icEs9qskMF+wxapwqKUwSl3/Nmo="}},"28hRkLNsXvtlmoIGLOrFK/vrgD79nKAM0v8hXqtUYQY=":{"valueMac":{"type":"Buffer","data":"tbLSTxBYN8x6t//TfQB/6nj3QOERF5cV67XqWVQJ39c="}},"4XZiA0bI8C65Ol1Lebykw3p8hsGcmZqrd3PL+rRUz34=":{"valueMac":{"type":"Buffer","data":"+xuI5hxwQGud46IcAgyWe7puI3arTN+MWO5mvLfxdzQ="}},"4c/C4SAuS6ax1upHtmLUbnR7oNr3BGnLqK3oW0vYnLY=":{"valueMac":{"type":"Buffer","data":"oYWbYCQfDO8SdRSAf/6K4qPmF7ninfsZrgwIMTl0wX0="}},"4jk7EwkfJPOxOSNx9e4OvajC/rrisq+nAQaV8bEBRns=":{"valueMac":{"type":"Buffer","data":"1qfOMxTWkdMqrjdzVQ7/DEaW8OqY8iTEnFgZckF2Zls="}},"5yw9hc9jxh8ldNm0RDRTkLndNRP4dgbQGIqMjPDchlA=":{"valueMac":{"type":"Buffer","data":"ePG5TUX4w8cDGWMh76lXUvYneCE9ycexWJW8PlWHNuc="}},"53Ca4huQjoVbUq74oTnh5ArM5JbG47SxHBdUzwD/D7s=":{"valueMac":{"type":"Buffer","data":"pRL8g51nK5oQi4VrsMLKZGGlxWe0F9MdRXGoWEg/aJ4="}},"6HaOPI3+lKb6Nv7JLQ3xiX3gsCzvJpOrifalIjjBlM0=":{"valueMac":{"type":"Buffer","data":"3Z0cRL8yBJKIjy+M6qE4QmQ7sQRY6TUsLM4J57WAzFY="}},"60tXtw/c6SS1euag4TPSJMkW6rNoQ0NWXRD7653xjE0=":{"valueMac":{"type":"Buffer","data":"IbQkIV0g8SLA0Y28TYFXu+JxnbsGxg/LQuDyehIJA+4="}},"7dq2wv7lq0pyMq/UgEkWYr2R5MXlAWUVBTL8VaGsNhM=":{"valueMac":{"type":"Buffer","data":"dACe5xccHk6/qWzB/Et3wuH1zuzts0DFfq4KBw3lDgs="}},"7qQr2Q1Hh4jSN6adKyYt/PS9kArI3f/dGsCStqX9B0Q=":{"valueMac":{"type":"Buffer","data":"sOhqu+3oAJNIvishRhyBCJJnVxzMQ3mlxrZSBQXq2AU="}},"8IuzqWa1myOiCeURZo7ockWyCNn6aQGclch5tNuBDuY=":{"valueMac":{"type":"Buffer","data":"D2p/YTPhwS2YrR0AxeRy7fw3ieK5wr4V9mhwl6WOAHI="}},"8L8lgmtUSaQk08/MLTYzm+m8OB6SdQJzWuwUCKQdMXA=":{"valueMac":{"type":"Buffer","data":"klz+Y5NFxC1cCKGA9QcUppOwMTCfoV7yDmMmb/R9ygQ="}},"9RvMV/I8kjX5hS//Vnv95lbRTzD4cqkk7L3siAiz0gk=":{"valueMac":{"type":"Buffer","data":"UR2IQWFSM8hI0ODjYIOb7tkkS8UMhzbX4A1I289nr3E="}},"9UtrfZkhk2PGHeNSNLyqMDmyxlCIENx/fRhjRKhMpDI=":{"valueMac":{"type":"Buffer","data":"dXNi5axt0ZbwohMNh1ibDoEdJynQXwIID3WbkTTmdEg="}},"+v2s4QMv3LQWuPAnwKlvWA/0jYFuSHags7Dpr+XLabU=":{"valueMac":{"type":"Buffer","data":"/OYDLzzw5fTgyoWQxwjrwweL6eao4kvjslQHab1z6h8="}},"/ZlD6glBWtYumkKR6aNPVkF2cesFg+WQ6eP0jQe0z+Y=":{"valueMac":{"type":"Buffer","data":"FSqB578kxyj5EAz1/arId7XyYfr9Ruu8mthflftg1uM="}},"/qpM7GBItx8IgwfaoKYVWex+JQoMNtVALdAzD20wq9U=":{"valueMac":{"type":"Buffer","data":"j9nwzOqhCaZ6+i43TozNbfKLclY93k3XCKa4QFD+GsE="}},"/6WDHtDBSJKvCxdIpx7PQyelRxZVpMO+L1CwmKTMqX0=":{"valueMac":{"type":"Buffer","data":"wDvVcI0OpritFrT/lpy3bJAjEynfEggFpnm1gr+XUoA="}}}}