{"version":102,"hash":{"type":"Buffer","data":"4+E+z16ZqJNIilk9q4bupZUiRQdt7GDH/cVk3ZnFm/ntZ+6V1uKp2ZBKckP4RAjcKNmVCg1RYufYrUT94MDLyJJV0JinmqbphxX0uSYfNmbyjeCgjlRcPZFvM+vgYf5jrG+ZP4AnnjO9AdiusHdneRVYFHnC8ZYzCE+d7+agfTs="},"indexValueMap":{"AC6Pb7CuJRRmjRawueOVDbJL+Eyqq18E8bvEOMACTYM=":{"valueMac":{"type":"Buffer","data":"9TUR9iy9Fq7vJlvT1i8U9l129Q2cnYIvsJubuukqyYY="}},"A7d5rsO48ppUA+fEaytjg2LXoSxuHAz4VyFk3jRBGEc=":{"valueMac":{"type":"Buffer","data":"HlzeEaT+go54j87ogXtnPLG/iXngjEmpNA/CPp3b7UM="}},"BOAcaMVWHxkQ8D33gB2tso0/pZJL7nLtFAnvDkerID0=":{"valueMac":{"type":"Buffer","data":"d7x40BloKp6ZydGaQCyTt9RQGH90PvwN8gwMyKwamSE="}},"Bc/O9DtR+uh1+8SqjhH1Ow6lJxLMHH0TgF5p232I/WQ=":{"valueMac":{"type":"Buffer","data":"Oq1wVZp/fzolUM7UdwU+lgNK52feyAFVbigxWP2k3n0="}},"BhjsUPFI/OsQSgs9aaZyNKhzl/VP4aXfEbFblyrFtyk=":{"valueMac":{"type":"Buffer","data":"95G1xdXZVsRFtAm1SUhGQgwezfOFc5pdu95aIlPVgBk="}},"BoLroi+GDslROBY2JRIjzGSLimxSJ/aHxXdFRsHIygk=":{"valueMac":{"type":"Buffer","data":"NIqpin1LnzjG2XxQ3VBJKd9m3XNcuqQCqqKoP5fknOM="}},"ByIjjOSCR7aNNwxUUFIRB7MjsCZmvbwiYvN6LJsHrwY=":{"valueMac":{"type":"Buffer","data":"nYa2474B7Ua+KgpUlMl+OLsb9KLiKfU+F5+M7TVw1gk="}},"CJ23QYv+VvkeY9m25KT49z/MuUfeoCx8zWk+/at4oOU=":{"valueMac":{"type":"Buffer","data":"WkSI+EmtouCM6/D8JJYUIqYEKcU6cLFuk9V7YracxM8="}},"CVPOb9LoIX9Ulnlx3vkEbPf50WckRzahILNG41Lmd5g=":{"valueMac":{"type":"Buffer","data":"OifKDJlzq0naxrItVXJh0PpHOr6trcBatRyMYi2Hyfg="}},"CuzqWdMLGSdcEPIZPVchteOCFSZiwGOQ7l1HUm19MQs=":{"valueMac":{"type":"Buffer","data":"NWMXBCDd1iEKF5s8ThUWNFJxzilOjU3tdPOqmnkBMqs="}},"CvM1JILaTTVmyelGOi+2cvIoZQCN3HxjUiTiP5E1ao0=":{"valueMac":{"type":"Buffer","data":"2IFkd5UQ52YZWUBeqg4hOfTcrCrirwnRB+/VLSRZu4E="}},"C6crYWhXqu0BCfGQFyovnNDaOd93mBU5CemLRMMa3mQ=":{"valueMac":{"type":"Buffer","data":"FKjp7r0W/YyjIjkI9akmjx1TQ4c9QLLwLQ2La5Su9KA="}},"C8xixGLmWeUmRJLs471OKvDgtuvzjlUxJJdY89BrOE0=":{"valueMac":{"type":"Buffer","data":"zYUQFDFF1lDQmHDBgBFZaMDG1zM+somRHs3+54wfgDU="}},"DMwB+bcMBpN7c+zTP9TV+L1MDmMubWgIQkm6cpL0KKI=":{"valueMac":{"type":"Buffer","data":"5fOq8w3/H82AnB2F1zX1mck29h0tQ5QfLmeJn3yweKg="}},"DsoERPtoxb7uzfk+O0asz0Z93kZxtxydlf1GZGeArCQ=":{"valueMac":{"type":"Buffer","data":"ay0TI/GZex1vTyyZPHSDLSkYQr+eFkKOFmBJI7WmHQE="}},"D1dO2VF0I6h147SebPCoh1Sf8YTUMNSuuQLOeefv9yo=":{"valueMac":{"type":"Buffer","data":"CVJuhJuWuvhzgfb+R/GRMgWA8ZUUrKMq6h2/mHcLifo="}},"EBgYgeQESF0vybC7pCJ6hwdZ96EC6rnTaFlzgCCEWSE=":{"valueMac":{"type":"Buffer","data":"176Y1S+5gfJPJZoTAfjGe7inlSK3h/B5a9TVW9EaiMg="}},"EXcmZfcGzGW3rfVgbMj85XWF9onxfgXxna7CI2HsT6o=":{"valueMac":{"type":"Buffer","data":"VZ5/1NtEP9t7EcoGmPkmun5GMvSe+vz1PaYqayAJSs8="}},"FIQHJXkGnIhhw3BhM1hHERFl/p760nkfodq7Wh5VKb4=":{"valueMac":{"type":"Buffer","data":"Esp+uUe2ZPG7HdLRt5/s/17HeSXX6w1UWvoM+aqP/Kw="}},"F9MP5lPD36YPl3Sy1GIe5G90OKNq13FN2vlAnitq4wA=":{"valueMac":{"type":"Buffer","data":"TMfyqLYM+jrRhheBmBbm84Gf4MdyfmWm0R+R7u++ROA="}},"GJzokb/YnW1skEpyKLaY6rX1EYNBO/PV38XvhUGkLTg=":{"valueMac":{"type":"Buffer","data":"pAKF8JvfiKbah+L2wf3+AeQTYb3JR+kqTqGhoiX4sxQ="}},"Gvqja+j4ZFiDXO1jQDB7cPKWFlF/DVJtuOuk+8G62oc=":{"valueMac":{"type":"Buffer","data":"4sCj7D4+JS+71nT5T461mrLlDuEVfdbOIDyG5YH0bLM="}},"G8sstuHaUt1Veo3QuYHzvIEFFm84cyS+RUKJijVI13c=":{"valueMac":{"type":"Buffer","data":"Nqn8t0DIAu7KhQa/i81IrDtdOwwdqH1dfPpPbOgZX2g="}},"HPv2ZxT+Czas2tjA3tPXPIwGfjnlZyM5QUS5Y+ehwyA=":{"valueMac":{"type":"Buffer","data":"5EPu8kElp7U435M4nUch+Kv2AxMZ8LZseRuWQHZiyWA="}},"HaWesTFVj1IQqZ8VdHZmLFOslBapVr7g1qwCSljYrEw=":{"valueMac":{"type":"Buffer","data":"muRJNGDJyzt0lpQLmqZ5h/87P449Zs4MdJFkww8jEko="}},"Hh5hjwAl6iojrML/O0jMhivMgUVDrGsAt4CS+9L+Hps=":{"valueMac":{"type":"Buffer","data":"21TysBYo+pU6gGzRU4CeNRVqHXhgbAT3e64kxL5myY0="}},"Hj5yn2+M7TAKGzI3VNd5I3rG/924e89W5A8FdF8Ea9I=":{"valueMac":{"type":"Buffer","data":"zMAK9WQe7SGSVaju6De9G2B4MkeNfD4w5zRdevERhJY="}},"ITblnefZWDO7I1LOxMiq9X1ngrRBCARtqlrowHRDyos=":{"valueMac":{"type":"Buffer","data":"4pffjPln1AkDDiZrgFER99DcFDdvh3YW5WmUyc3JRG4="}},"IURgHx2QlFCeGC13oDjoIRgkACC/1LxaF/HGSiTGIKg=":{"valueMac":{"type":"Buffer","data":"cu4oNsyyUUtKuhYzj7EWsd/uUZ+Puv0cDK4CZS+Ovd8="}},"Ia2nMXAg1rEIxWHqRKm9ju5+RGYCqaLHCDboo5CwLds=":{"valueMac":{"type":"Buffer","data":"39qcQY4olvP+QZtqSyknJjL7pOIjX8/xk5W9K34LrDo="}},"I/Dqoaq4V76XSgjdxQCjX/6KZSTOAzquRHE/aXv60pY=":{"valueMac":{"type":"Buffer","data":"RGk1eYbpCs7aO1Xv753ihIG766h/44KS5IgVTeQYMRk="}},"J3Welowqlau17/nd2Ie4dkYDM1rQ3YKoI97zv2Rlnbs=":{"valueMac":{"type":"Buffer","data":"o2M67eY1+1V+qtHSlG3duOX/OQYfZUAbXrRTUyNLcUM="}},"KNlFpJwRSnzmEo1dQ/riCFUbQ80r9kcGs80DMmu2dw0=":{"valueMac":{"type":"Buffer","data":"FVsGCqukbpHaZMvFvqwKGDn5nBPGEPM2HKKw13vMwpc="}},"KRIo0i+/+EXocad/2+/QswwjEBeh8dbYr8YgKexAtR8=":{"valueMac":{"type":"Buffer","data":"UClYUvFJL8KpihBJIKzWtS0z5+lA72i/6ghbwDcrb2w="}},"Kq5TgD5DSU3+ud/CJu1UKSGtNBkTK7UCN09IzO6iBao=":{"valueMac":{"type":"Buffer","data":"prXYE7tdro7buo2J3v2qyaovZhy1AFYINr8U8HXdPG8="}},"L5aFEqxsP3iRwYgQ26bp5gp/M6dY3mlD2nks3wxnHok=":{"valueMac":{"type":"Buffer","data":"nMVtfeu/YQu4GQ/QVL3R8LC3FgnHMwtnaQ/Vy7iTw5k="}},"MDblYXN6lQQ4gBFGl5+WawP2tbdfuFS+nRphqkD5jlE=":{"valueMac":{"type":"Buffer","data":"MWBORpGme7PJQ6UkYuWNNBwoJ6qNpGWl1Z96lQeQbvo="}},"MGWCA/JI/M9fWaeWsgGBYV0cqFmGgmgkxJ++uol+l4E=":{"valueMac":{"type":"Buffer","data":"fv7VHbbgNLgFA422+kb439MEsU8D4Bl30Z7yVzojBJc="}},"Mc9zz4xb2Eqh59/1k8h2MqUdyQ1kpepDcVlMgRdKWnI=":{"valueMac":{"type":"Buffer","data":"IicOWaE7DrEzht/U6BWNY7JLBkD2I/ieMZ0qOQoHUM4="}},"MetJCOTy8CpxkHu/vZXO2Z3QAaTcEdDFUAI5GjjSPig=":{"valueMac":{"type":"Buffer","data":"2Bhgqbv2+e/CEBVWiH6h+6ZWU6LqlVEYePvIZgC74uY="}},"Mvs5lPh03M7CFGjQXkCRE5YAjt06Z76hJTV7yLqbqQg=":{"valueMac":{"type":"Buffer","data":"/4odzjPzV6VOcNieuo+abS2CzPi2ELO/gvLKUDENydU="}},"M+UHHsBATQSh0agSw7JJ6me7QhIjMf8YNsbqxFomjQw=":{"valueMac":{"type":"Buffer","data":"R3+XLZE9yeLqWwRoAp4hvzidSa8zWhsEdRqzmWu/W5c="}},"NO8Ew9SFWW2TEVRVmy429Rv0qtmw9FOXYabR0WRtI+o=":{"valueMac":{"type":"Buffer","data":"0olXwWXQp1IfOzzrkj3r4oFjtdrqb/JcvMPjSAsVDOE="}},"Nq8PB1RzmLWB2IB3V7IcIftHRAXvimH7ScALNq7eONQ=":{"valueMac":{"type":"Buffer","data":"KAO8591pVXsh4hkD7zH9Gh8nVPKwN7AjQ6QVV3Koq8M="}},"O06RSkurvdM/YxRCoAcUxh7W3tqPcmpshrb/wMxSEu4=":{"valueMac":{"type":"Buffer","data":"oxW52mstx0MWDO6GoQCLGuzW/DdGXiMndg5Vh1h6Hhk="}},"PNl+DPorM21yVgnBwK+B61RZbwtKv5tSLCFEf1IlPhQ=":{"valueMac":{"type":"Buffer","data":"jF6yrIXATZLAE8EsfgNrMncjfLX1nyBIqcqo4ec/Fow="}},"PUrqv4zJG1SDcgYQEYrtChOKZFFMSxfFjc0q3ng4YD0=":{"valueMac":{"type":"Buffer","data":"HUaIHKww5S5FwjDrunXJ8qYxwvUW8oLqMcSOgFZus+s="}},"Pj+kwSl5B34S+pJ/3k4+YuV1r8F7oEPJsbPGK+pbCEs=":{"valueMac":{"type":"Buffer","data":"e3fPA6XGp6pmLpke9mRL9XvkaggyM2+tp5g2mTmwGwI="}},"RifmkFpK2IvH4KXjzSOBiRget19A0DPVMXKUdzdYRhw=":{"valueMac":{"type":"Buffer","data":"SUrgqlnNbav9FOnQY/wgdRhVdiryDtyyj37GvyrFcMk="}},"R545dgdWHJcuzo+hpzPmnfbrc9o0GwcjLd6wf0cPOdQ=":{"valueMac":{"type":"Buffer","data":"7BkxJKDDBAOTJ0xnuGS8iKPW2ukQAz/+UDkROu9ebqg="}},"R9cKdAu/4zL2rr/MHpGUJxW2bk37fQ41rSQWrKPS6Tw=":{"valueMac":{"type":"Buffer","data":"Ucm7zN9W9xr2TLucy2sMQARc8KyZhaDL/yiALxYMF54="}},"STrx0k4yNfez1VSlRwu51wgxz+72+kHYQwo6vrOmdaw=":{"valueMac":{"type":"Buffer","data":"nEbuIeTgOzHQoQIeaWy3G+4v6+Rj4WgZeD+B2FFjju8="}},"Se//ew1X0Wp6qUnJKfK+xMjOhFT/2rp3xui7mICaszw=":{"valueMac":{"type":"Buffer","data":"zXG5n2L8Z5DVyJN/e8hlnl2Wy6hdTpmNuZl0vIUKdSA="}},"TE1/N2BVBl03f29M+ycB4yiA3e6R9siG4M9Dk8gTdkk=":{"valueMac":{"type":"Buffer","data":"IoXtgtqqeaU238Ear2HF/kdelyXErkjoJnX5o779qFg="}},"TGycjTC0B7YxHHbcztSJp4pHe9ttYHb3VePm1ECUfYs=":{"valueMac":{"type":"Buffer","data":"9fPxHClb70Dh0BRHlRhtF/VvydC/wRJavmjEtnpJZwk="}},"US9+NuVOdoE5MYR93cRfoSVrAqaSfiRVsVkQ4x/K4CM=":{"valueMac":{"type":"Buffer","data":"OJ36xFiAO5Y8ZHo8PMtTBi7k+M5cygeNoyN8D3WEAX4="}},"VzuLAPuLyKwDLRa8E/YPik09qhjckpzpFnnP7zMWv0g=":{"valueMac":{"type":"Buffer","data":"m+NBrDUl4kzJ1+DFpZOJQg7LqLGjHTgF3ny65QqwDZQ="}},"WA69/suL838Osq+6IhWCSJkwY6uqoqNqjpp6hfoGjxQ=":{"valueMac":{"type":"Buffer","data":"+F84GdELXHCrCZE9aiMV4UBJ0k3iOwwKFrVENF+YSlA="}},"WExpRPlzVDZiWXypWFPqsh/t46dUmuEo/tCckEGu49Q=":{"valueMac":{"type":"Buffer","data":"sKW06F9KT0hA8jBXM55bzVTiL7H/LOY8Ik8PsAguWB0="}},"WYTXAhD32MmZJKRp14wNxEAoKVLS4VGIbP0cZmuIIpM=":{"valueMac":{"type":"Buffer","data":"hUCBewwyK4spfbEqiyvp5YVHMSYMcWpvQpWtE7pU9xM="}},"Way6uRsE+qVjPHmWyeBVP6BCG1XLmeqcuVdy9kRssdc=":{"valueMac":{"type":"Buffer","data":"Mc5nGIgQ8NOgof9VQl+J1zNdu2hOWfD1NTTmmrWZ3zw="}},"YJTBe8IQQl1MOItod3l9VT7c0vjwaHGItU5+TdzJLXc=":{"valueMac":{"type":"Buffer","data":"TPK4kLE4ixcWSh89lOrOL+oa3bVeFTfmGcFS+FTReWc="}},"YXDn4dCM1qEUVU0lzUEpwZJGewa6MErd5/Rie1yErpM=":{"valueMac":{"type":"Buffer","data":"zCIxm1xgBNc9zjviPUM8BXfvgW5DFpTH1epfPDDxrC0="}},"YwoahCP2UXGN/Hd41qmqcd6l1X/8VfX/ncMpun5Ec98=":{"valueMac":{"type":"Buffer","data":"uQSYJTzNq6FMiMB04Hpzqc+ignlxAd9Hq0Yz0JmMfTA="}},"Y2YDb0Wz7rKyCgKicLki9A88K/5ekY06pDA811XXeUw=":{"valueMac":{"type":"Buffer","data":"WR8RWNo2fUW0gMzmzOl6dnQ5O4r6NTDuAZ1uk0IYlF4="}},"ZF77oZ3Wd0hSN7Z2sTi7lm/aKeFlF54FNqSvo4Cn88w=":{"valueMac":{"type":"Buffer","data":"bLuGMQV/dllcLSVFJOQoWIiefoeRpwzJbjkOqx2nJ3s="}},"ZigvYd5qe3NeJBh4XPNBrLCnxyLRmZslo+dbTID0qFg=":{"valueMac":{"type":"Buffer","data":"/rD30R95fIJOAUAEEmwNHmojH1eBugIW2980cr1u2Is="}},"aYKvGfVnWaflX07V40I83A2RLmnaz/WH0/HgwSFARrM=":{"valueMac":{"type":"Buffer","data":"WISrUlrlfR2Crt2LX4wOW2CGOn5A55AQYIpB0imxQjM="}},"amQm6EaGWhIFjTcuPJMkwPma8qDpJ+nU3CymjTzWV94=":{"valueMac":{"type":"Buffer","data":"udi/RNIrmF+0IBbhjvxzlNhV3Lu7lXMNUrngVqZcLgA="}},"a+UOEcfGzxnjH9SZxmHtKpbHZlZw4IoWuAmxro7pZNE=":{"valueMac":{"type":"Buffer","data":"OZAYqBV7uQoSQCWksS/cjOb1b6pWVLU+zedFn6GDCKw="}},"bD4+fYOWEofAEwSfnpXNdPVriatibxmJ4gNDzaggcLU=":{"valueMac":{"type":"Buffer","data":"LAXqhy/cGHfUTvyqUV05rNUTBhK21LZ0unOXTqRnc/c="}},"bF1U234NXKcC+goNueBNzdrVbw57myEkeqW5UAREHgs=":{"valueMac":{"type":"Buffer","data":"PN2UHEmn/q6n/Vbq0Peh8HruImlN2VJenQ0AgRsJnzg="}},"bP8KFLrSdBdEpucWXHBGjyVGcRk3iDEWs/cpR4y31Ic=":{"valueMac":{"type":"Buffer","data":"avk/7Q1sQOwRWp8UbuUlT6Bp+4X9p4Xhj1LhvDleNFQ="}},"bXD9pI7mnjE5V3WCZav6pGtznhG92CXL1GswPnokMko=":{"valueMac":{"type":"Buffer","data":"JsuMhUo6qB7Q508s9E8zg5sb6LGd04w/TrYVH2JfVzk="}},"bpBZzggpo/raawIswQZuoD5dZO9ffh1biDywBigmTGA=":{"valueMac":{"type":"Buffer","data":"ZfQmJ+o0VJMqHUc4/uWKqE0ReYv9f25efxMcPQ1r3tQ="}},"cUMsxo+eB2nky8/tZyNEup9wdH/0Dzo/6cyvddTa+LY=":{"valueMac":{"type":"Buffer","data":"5LgppPDD1g9XFrwHYcQ2sl068Lh6pvaduM4UFXXYU9I="}},"c16VuVjtQh4xVXTfgUbqzoQNtCUbx2M+Ju2AMwhzCRY=":{"valueMac":{"type":"Buffer","data":"camG99wTFDjTmKR6zGe7JFv9zyY/v0kOX0sDIq4/Xrc="}},"c4NgEuhy70/bo66PXBEJqdnH4InI6XP5IzpXxKt76Ec=":{"valueMac":{"type":"Buffer","data":"YIs/GJHGS5n0CjIvoM5+euoMIQ94dL5jqufQAsq2tmA="}},"elpNS/8dEaP/qbN+RDF+T9aGcMh9cgDoh/ntLeC6JeM=":{"valueMac":{"type":"Buffer","data":"SYJNHnlWgH/jJ2te/dGGUZ9lN4Z24UrcdYLV0rGeQ/s="}},"enZbnj7PwMeK95ErORrH1eHTI4AKZqs0C1wFXdDSg9M=":{"valueMac":{"type":"Buffer","data":"O8O6j7kp15JfepBVM//B3NeJk1SyR3GI587z/7zY1uQ="}},"fN+eXDBTi7+UJl0k1w2c1H+p7BzbH5mKGwoyE4FqMnM=":{"valueMac":{"type":"Buffer","data":"DPgc0BVC534ZpiDveb/DzVx3U5OaAs2chAo2lI6/hT8="}},"f3EPihr6UQPd46YG/8/rWrWd1AjW4sQaPw1DtSDNj/k=":{"valueMac":{"type":"Buffer","data":"BywwTn4B/fYrTVu39KUKaReM6T9ZEHvJNhlC14xj3BE="}},"gFNQ6Up3bJFu+Ceuktdy1OthWmWQftFOY6iR/kwIGPw=":{"valueMac":{"type":"Buffer","data":"XztpRK/soJZ8fFpLpmvfPFt+DQ1UBR7Bv7l/ua1+xjg="}},"gJeUKbSrQiB41Iz+p0ae89tOHAApJnkgBx+gIVdq8ws=":{"valueMac":{"type":"Buffer","data":"IYEXcwZcW6QWVVWiNuWqyn3b25lwm1FfgRbpa5ESuyY="}},"gQpriPJPnYisW13p59USqQ74vpx0MExS6UCYLl0UnN4=":{"valueMac":{"type":"Buffer","data":"FTEvCKGh1I+NM2G5oegWG4Is3NgAOga6f3NzaoUtOwQ="}},"gTmOAovFFXZJxv6d2T1EZKSYSSA/5o8CG5v3P7qOb+0=":{"valueMac":{"type":"Buffer","data":"riNhL/zWzM2qo6xPPldakvYo30Gadfa10yWuZ3tB4+I="}},"g94lTsP32sZiMMiybBQli7zEXYRsHvsAjqH5GMN6Ov8=":{"valueMac":{"type":"Buffer","data":"sCcJP3b0zS+Ym+7ppqxH/OXI/JRv675Ncw0ffsnz88k="}},"hHTYLJNwIY4rQRBFPgb6LSXJrmS9wQUSahZNUTpPudU=":{"valueMac":{"type":"Buffer","data":"yaiD8+F1SqztpyVwpzgQ7OzZza8hWT97OI4CieuX7Fg="}},"iDZpyQh2RbGLo+O6zpouHdFxR9qTmqkxzOBIzhKCuIg=":{"valueMac":{"type":"Buffer","data":"xjyW0p5Hs/i87xP+Wl9qXaHGeR1qss5Q8VQ16t6wbac="}},"iE1WQ25NA1LJ/I3xvc1FPn32r2i/yZJcwGikGn0P9ng=":{"valueMac":{"type":"Buffer","data":"4wTPmtP3AC6ek3xIhduzxfZkJkf82YXiKo7VDgJ29gQ="}},"jAR9TnMu6UEes4k3p0Vq4XFLV4UMo/xhuwRMn707Neo=":{"valueMac":{"type":"Buffer","data":"4/fOHJBCzhIOykqJGyAKF86phtkYzZPPU7vv60MLLCo="}},"knl0vyPTuYgoQhKn/twSCeIwk9hI6ox3pMwn/FBn0f4=":{"valueMac":{"type":"Buffer","data":"yXzAHmcegdwIcf4KVQvGjpPQ7lBIaDdju2bJrKE19Rs="}},"lS7TzYLMZYAuLZdv/tHAMkvpJU/BcIZ39IRJRKxiUjw=":{"valueMac":{"type":"Buffer","data":"RNnbB6zghKjI5L8C0yviHFTStIrn77zvfh2V/NiiriI="}},"mEsHD5QXyvBVij+fLDVNBB2RVRfpbwMjp8q5L9JHCww=":{"valueMac":{"type":"Buffer","data":"lnnA/8byE963kaKOFrBp1j4r2tAKJc8mpgu9BO2exGs="}},"miDH2gbX4cVBCbn+S0g1oDZLkKeNRV+IY4P6kamkWwQ=":{"valueMac":{"type":"Buffer","data":"ikCgYEq29Vr5XwWZ0DoQv2pEfPmwPqK/8D8ikzADvgc="}},"mvpC1qBYt0ptnWuDzVKFPNkESKz7JExAXIN+QAtbzqA=":{"valueMac":{"type":"Buffer","data":"yilxR77gZy/d7/bKtsxgeVVFZDuog85AbkxC4uwfvBM="}},"nxStKtGJHFo44I5u+Lif4z0FQrkKFyu06TdOO/vzx5w=":{"valueMac":{"type":"Buffer","data":"Ca0rWLW4K6C0A6UjiVfmlDAFBSSrWIGRqXpQVaXeuDo="}},"omnuFyl/Z3mLQhGbKIdYydep63Rc8Xqa+Mg7iyVP2C4=":{"valueMac":{"type":"Buffer","data":"xnyzxwO3BW/QNL6FxNZzlHBjHqklscm+2uvxM2vE9HM="}},"om100mv9ZsOGtx8vdDMgdzt9E58QAZGzD/S1drCQZJs=":{"valueMac":{"type":"Buffer","data":"UaVSxjUr+KWYsTMNdIRReHLN+U32qi91f8mx0vG4JCY="}},"oqRT/s40NkXHu3YkJkOv/786lSuYQE8LPfePzLF8aZA=":{"valueMac":{"type":"Buffer","data":"39EotEvW4Ospf3MTFef3Uqz7Zka0CT3cuF72yU/UTZQ="}},"pVxIbT77aKymA53gyoDUkDR+uQgGEiRHJd04HwAdMTc=":{"valueMac":{"type":"Buffer","data":"UofvynFgWegKQJQjDpvOyp71LXWwcdlNONJCHB395jk="}},"qyqxBOaRgDSi+w1M1J6Dznz8sqSWwssAiRpotiXQR/Y=":{"valueMac":{"type":"Buffer","data":"IG+1XZChIRHycpKOA6wcCqVxPVjktKTpF2pMM8YFtbg="}},"rtdOtJMhMNW9yB3TpaGWj8AjDNI05lmdimwAAOYiNJA=":{"valueMac":{"type":"Buffer","data":"hc5dQ3L1k10XxABKY7vqt0SbViNoLFTWXa6HJ7K1Nng="}},"r7U9EV3FF/c3vBAV/jz7CMIXLmVi34k2AUefReiVRog=":{"valueMac":{"type":"Buffer","data":"tp8aIo/EedKAb0NZiYR3okwATmzalLm3gaQiAc2rB1c="}},"stDJwgILtSEyMc1EvR4TFvi4aS/JtMdR2GiF5ZoaEyE=":{"valueMac":{"type":"Buffer","data":"7LY2IR9i77EbrMBdZ7WQWmx/J7qe/OmASKUCCOqgepI="}},"stoR6cJxEhbprcf/+IVSK8BHhNvgZp3SJQO09FBD2cE=":{"valueMac":{"type":"Buffer","data":"4p97MLJcKFplktl3d6xunnyGZAK3phV4FbVrIQCFq+o="}},"s8vx34d/VQPGGK5/nHpOE45ERnJHyUVf8eRMC4Thtc0=":{"valueMac":{"type":"Buffer","data":"bAztjE3jK4vQQyuVlUYvqPHhzSc/WyVtA3C8s61/mbU="}},"s8yGos/fwoL8j/0RSJh5o81QzdwHhhGq8KmmmD0w5dA=":{"valueMac":{"type":"Buffer","data":"kM8r37SG5Urc4DPbsLUzcrYHKRngOtvL0sxBPcIZPck="}},"tbaMUFdfdDgLOnjoaj2dMI1d/TOwK2PTNvn82UCSlX4=":{"valueMac":{"type":"Buffer","data":"2E4YCmddJ1CwdcBSwOu1/NrqkaVRsAog3hDPy6ZKFgo="}},"t41wCNsm2CXDk4Vv7fwtM6XejcAMaTIMFc0khL6dC60=":{"valueMac":{"type":"Buffer","data":"JR4VXHEJT2Ujxf5zadCYA56GOdLjos8l0CqBwpq7wfA="}},"t6NfscIh1jUvn4+/Zs42lrSfmntH/Uf6DNGqW1z8zHw=":{"valueMac":{"type":"Buffer","data":"99mcrb17OJywCWYOjB248OfNaQGj1GWpjZ25WChLTdw="}},"utbWkjCpcsL/56e9PyNV0If4+LaMmYG/zKCAq4wIK9Q=":{"valueMac":{"type":"Buffer","data":"PKawLYHR86gT2/JN0UP+E1j0GoHCWDtYTKuWEAIsVb4="}},"uyL+ZQ0AhVmSQ+0GpjmQUA0k8rM1BxNyQdh0MHs+tCs=":{"valueMac":{"type":"Buffer","data":"O32INLBsZKt+LAuWTDxxb1HtCH0AdpkueENFck0IroY="}},"u4pdnmzLFKJNo8GSvm582hp1+IyQq0QNWEFWQJ1SmvU=":{"valueMac":{"type":"Buffer","data":"2uUPIykx0y824pORdih6b+M06ftCxfAu6IjHt7BHnSM="}},"vaSLoUJSsH837OHk4spQajhVXYcq+9rnSo+BIKbKhKI=":{"valueMac":{"type":"Buffer","data":"JTiHNGfGOAe33uH9RfakfvriRH15weYRatqgZmOgFk4="}},"v/mmnLHWtC/I5n5AVUw2qBsSl++/PDnFsujK+GX22Mk=":{"valueMac":{"type":"Buffer","data":"EGyqBlkPvCFgzyr024SGJwjTy63IEam/7pjYOiNRyWA="}},"wHcGvda2bHiFayLbA0pZVSgZZ+cLJQj7kgM5VoE6bT0=":{"valueMac":{"type":"Buffer","data":"XieQkYnyNGGiOp+2nvc5k4ylOUc5W9QY/d3Vy9CW3Aw="}},"wQrPpTl401qJRSB2W6EtyXxyeVK76I2t1fdnxBzAO24=":{"valueMac":{"type":"Buffer","data":"yfVWezkTgGU1kmIVsTFnXV3EImx/uP8mp60tHygu5oc="}},"wZA//aPSCwuT5Hlsw6It2rQckwWH18H1ga7Laq8Uby8=":{"valueMac":{"type":"Buffer","data":"Sd0mWSP9bhote65c2mhZCAegE2u+rC5s7hSuiP3UIFk="}},"w1GkWDjRGWABtcP3XmGOGQw6ruNcBb5bkzXVK2S7rDI=":{"valueMac":{"type":"Buffer","data":"0TSvv/lg/KsAGJQwC8JYYKsG8uvigzEFj+icjTANUog="}},"xMIU8kB6U4ro/iaokFwv/xP4U3DP+sPnmIj5cG5m2eI=":{"valueMac":{"type":"Buffer","data":"1I87lslJRPox0pQd1FO2fpoqPXqYOudN03SbkWF6XUs="}},"xPJ+MbAsT+WIiFTm3BF9TlnUftpa5PabY9FF6xB/Uzk=":{"valueMac":{"type":"Buffer","data":"+xmPl+g3yMh18QAUbJ+lS4q2FD5vqD8gsqRuFxlPlr8="}},"xWyOkOiq7pKjDDIJtDb61iJMsYjDnk2ak5bzYS0hHW0=":{"valueMac":{"type":"Buffer","data":"B4OuRRt6IPti0+skCXcumwEOReGyCdIvXCI+Cz1wd/Q="}},"xa1QikuL6Z2XA+3ANkJXx6IHaysb++Qk8FtaLRyLtf4=":{"valueMac":{"type":"Buffer","data":"YHjLAbz/f4N+1wthpnDUuilGNetPgpaJIB1rU0KHJbg="}},"x6/3mDK6rqS7KyGLVpJae6GT+0kb/DiyMMoJ7Ungs9o=":{"valueMac":{"type":"Buffer","data":"a0lsjlqRbIS7rluRuP1xHhVAkIPU5SdbPisdxX2OKfo="}},"yTgm+A+bhp+McF0IsSoK6uGhbQXVh3NuyHLXNZfqhrA=":{"valueMac":{"type":"Buffer","data":"y5xkGpQnY1FC7eH34zboNPP0bHmMwzSvb/tu5E7WTvE="}},"zOJdCioMKShLuiZQ3KBiMY8u0LZ31NKbXRS0fc7J6JM=":{"valueMac":{"type":"Buffer","data":"TxkkorUIpDrMN1zz5mRG+hiElIMUsJlPErqbIW9GKnA="}},"zpJF/3Zv5KiRJBROB8J6+fzHXdZZOjrdtvV5mj4xmqw=":{"valueMac":{"type":"Buffer","data":"Pco3WTn5ejeAZ9tBMhGWbV8ZZ0viZ5oW7oNlEc27av0="}},"z8V8xklEQQQfBoMuGku3vurdfhosvHQD8wwW1Jg2MjQ=":{"valueMac":{"type":"Buffer","data":"mj/KtLsOk1l1GVsFML27RsXyCHkibp1j3be2zr5VAEc="}},"1sq715PY0Ej9GTLUM3xANnRz+IMog7r+oR5hOaTzMTY=":{"valueMac":{"type":"Buffer","data":"bl9vFo2S7ANbhCr+uD7wfFslR4Xb2t/MHqaGFizOGow="}},"11ISeI1o/z9DhVO+evCWPnDtKGn4hvROpYA/I6Ua7Zs=":{"valueMac":{"type":"Buffer","data":"yj7YPs+PcvN9az2IAmVlej6GaBnmikYGA5HxeDEmMA0="}},"16sQkyWXTDnDaBqWW4DI2JZH5KA5d62JOFZKIKpITOk=":{"valueMac":{"type":"Buffer","data":"7STAVXiw9LTHzVovi9udvyzeBTNg9+v84WNiD45o5s8="}},"2H0+Ay4AHn5GeXqKNYx4dpNjO6EtdEEs4XD2tET04Nk=":{"valueMac":{"type":"Buffer","data":"gWp+BLfgKkEx8Y+bNzUEHgsGQhozWQXP0c4O4DSCLZM="}},"2YORsHJ0x6swQpXzmIxspziFegVI9L1hMZT7w+07/Ok=":{"valueMac":{"type":"Buffer","data":"ykfbk8xz+8Iz2r7u6zw988zcWZTLFxL3mi2kMUJ6+jY="}},"2Zsut5o3s0hX2Jjl7zMVWMuReaF2Cyt+NAJD0Hzn+0A=":{"valueMac":{"type":"Buffer","data":"zEsYHyDSq37LGH5sHjFFqPP9ZXLc+44tVI0VAMIhNvQ="}},"2zp965SO8QiTvR58+4ycgEW/A60j3N8JtkMaiVmLt2I=":{"valueMac":{"type":"Buffer","data":"CdT2PxFf3yLUnsrXB3so/3HOdatY68GR57r669yDPrE="}},"29hj3LAQ//526Ra5pOPIviG+z7PP1SK37frt23+gtjI=":{"valueMac":{"type":"Buffer","data":"EGH/Kgdv5SG2giGe40HGEA/i2glSzyXsSN1h24ECLZw="}},"31MzRn5gRsuqOw7wl8z22UV0mtgAfRmLm6CnHGYPUvs=":{"valueMac":{"type":"Buffer","data":"puLWYNB0N0nmI6ZnR6NkdLTbntfAb7s3K+BbuwcMyLU="}},"4Dvuxxb/Tv8WWo0MvKkFkl6sJqgXOSDurM/YRK7xF8w=":{"valueMac":{"type":"Buffer","data":"JvRAErv2Boj9YQaWHfRy4ubDCGTJwzw+to97Zd39qVE="}},"4TlHx71nGx2MDi/9S1fgOyoKOu84z3mKUkxrSswtWlw=":{"valueMac":{"type":"Buffer","data":"S8S9/GW5KK9GYUgBDuomdGV/+qvdXQqFI7CBO8XU/vs="}},"4mgVl4OkePweaxO4rxhfPNJh5vj7CEErgY2lOzpK9LQ=":{"valueMac":{"type":"Buffer","data":"iMy2hFP7tPhata0VZ/LrwPX1cIuQOMYbcIjEY4/HZD4="}},"5JTiQ59kHQvnTPefSeS1tkZXCIBcSo6LStplEE11+1Y=":{"valueMac":{"type":"Buffer","data":"+K/lNquZrHOrk9Vcj+UsdgVscmo0VT/z7CyekIXUgD4="}},"5LakmYVKrfg4zJJm1R9Th2CYFiHRHQmIR84Nc2gIZyU=":{"valueMac":{"type":"Buffer","data":"KzJyDVKmjxvy2yQKh6wnAuGELCInTxkquF+27vQcNOQ="}},"53K29X5Dg/FU0gfF1ko9PHhxSATpaOrrwZxgvZm1zJU=":{"valueMac":{"type":"Buffer","data":"o9P4h11omIT2zfA0YlsKPuWX2FhV7WAcPL+xwkWLtmw="}},"59ZttrqEIpKILE/xVymBIC0tro+ffl5DnaQZYCUHaFo=":{"valueMac":{"type":"Buffer","data":"L0qFw+4R03VG5kUyQ3CgbAAfX1xkGh8d/ViEHrQeHek="}},"6HwOtdBEVPXznywobtyC0CWtR5QIIc0TVNqJaxQSS6E=":{"valueMac":{"type":"Buffer","data":"tK2aiTkjRYrqRiaVQ2mpDsJrrJ8QWzqlVBOoHCXBUcE="}},"6KA1gwOAbmOGYqR5wsu5OGLp3cQM63dmfwBjmyIiaE4=":{"valueMac":{"type":"Buffer","data":"F4e33E+LQiaMqi9gan1ffz51bwfQXF6EIMcrQm+sqA0="}},"6nHSR9WXUukhfNLKtnUPXb8iS2J91ErSn2tZU7XhXuQ=":{"valueMac":{"type":"Buffer","data":"hYHCpJ2RKyX50WmnSuhGMzBm++kodin5cz2V8urpGeE="}},"6r3e5pmpQ6iVfv8v9hVgNkq3qjYWWkxY3e/R/T80e24=":{"valueMac":{"type":"Buffer","data":"0m5cv7E/nNKhqIYkjm6cKzz22fkM+adIWIilCOBimFk="}},"6unrhsnpsxOn87EsQmqnPU3PSadHZVB3opuiAtWLyXE=":{"valueMac":{"type":"Buffer","data":"uyG/zD2+4teJTMoA0DuLPuigL7J+x2c0u8K/i7gw7hM="}},"6/BGTCOs0+rAKGdLf9kp0i+Tw/VGKj+8Qbe4VYANo1c=":{"valueMac":{"type":"Buffer","data":"6Cl4HmNrQ3sPSI+2n0eBLFTCEX/QGlS28nrCpp94RFI="}},"7AQaZ658H0kW0vbzvtmskODwh3xjYsvt49qMGaQaLew=":{"valueMac":{"type":"Buffer","data":"myE6dpv4Yh2QRL2M8oqVVkGXQ9Pp+v9xjPAfSsDrvzE="}},"7HuVEm/2Y6AP9adkBVGlj9u9LwvK30LYy+YvtCq/Y/g=":{"valueMac":{"type":"Buffer","data":"ZWm+9fSk1U6U5ql75hOAhi5E/VumFQKatHMqU9aClq0="}},"8Z7MMAloC8KS9LvOuClCbO8YWDNBOEySrj2v2K08bLU=":{"valueMac":{"type":"Buffer","data":"CSyMcjzreNYcPIqIi2278WUP8VyJ8fj/1C6U9rfmaok="}},"8fYM827QORnh9emN8PSXGrastWafn0ijMt3WREyga30=":{"valueMac":{"type":"Buffer","data":"EOz5YJmWr3MburjPLWvIYXqpmUZDb8XBSqxXaGYfv3c="}},"+A3qJjwV5El1mCX3RlNkeUZPMR/cSo/LIrAGTyxyask=":{"valueMac":{"type":"Buffer","data":"jRpxQQ/0TRAk75uMsChIUCLR0/0FgMO5o86AglOB42w="}},"+KerFgSb5oVac34EtNKljNmqPFF87d0P0Weu1ENPOE0=":{"valueMac":{"type":"Buffer","data":"BWcUWcoGYZtKen49SEyp14vIZ5f8ZOX94E3uRIyONaY="}},"+zDC+GKyg1vceluSHgyIEjcVqEBmx0IW4WJn324Answ=":{"valueMac":{"type":"Buffer","data":"uQTDrr0YZ41wkrKHuKvDh9P8kAnyVTfc+XcYUOobzOU="}},"/GQA4LZ/Krh09ZoLR6bFm3f8sYMnjM873OGcMKxTT24=":{"valueMac":{"type":"Buffer","data":"K809SGfPt0hTMQ4tG2HOu33iSOfHUcMWrDGKbPe2MfI="}},"/nb/fdMm0dmc8aKob0Xe0rp2FRTyItXenkQLIECxqNc=":{"valueMac":{"type":"Buffer","data":"vRZYLDstIZZqCIDkSoLJ1OvzHJs8fsr9Mkl6tpaCJig="}},"/0UhU0TIup1cHqd4CPnb6beF/Da/K/JNwzxkuUmarhI=":{"valueMac":{"type":"Buffer","data":"TINMoF/YMT9zXe4Z9DtWIj00RoKa5cY34F07Crrtz2w="}},"//j4sE394HmqM/7F20r8s0S7jwaFyTy4cM3rlGk4ORk=":{"valueMac":{"type":"Buffer","data":"GE68LuxeMJcTiYmeaYOastksGfsaORLhAM6e75zxCaA="}},"tE7Fgfnj4m/v/mCHZvnq3+5QduyzVc7G+UX+k6vrnpE=":{"valueMac":{"type":"Buffer","data":"hadp7xWTNufgLLNIeQH4w84Q1g+CK7hIrwSKwjQ6+/w="}},"wPi/OGzcumuEZDkp341ftS5uGOaklIp8nPL8F3u7dJE=":{"valueMac":{"type":"Buffer","data":"tnhZRIrqLu7ei+SYeSzMDVDwI835s5CI7L1XW14t0p0="}},"ZUivAeU/rZ1/lk57xI/DhYUoZDnYglzZqJVKd8dStNw=":{"valueMac":{"type":"Buffer","data":"I9NuHsJoC0yR0VVk3rvJNaXKHwDqGRqbaskZEubSx78="}}}}