{"noiseKey":{"private":{"type":"Buffer","data":"GEG1INxLTDt+lLvw/TGGSm9CbfTG5sCYreB2L8qAk0k="},"public":{"type":"Buffer","data":"VnROxKscqz/Y3Mveadn8E0+RDrRL+Y2RbCaLfn/SZEc="}},"pairingEphemeralKeyPair":{"private":{"type":"Buffer","data":"yDq9nR++tSqN7u+ZDv3CA/Bgly5tuX5Pp4PAqEluqlU="},"public":{"type":"Buffer","data":"sZOHV5CZdJ69xBsaUCAv/x5+Wd+gJiIbpG2mbwibP3c="}},"signedIdentityKey":{"private":{"type":"Buffer","data":"QF9+1O6/XrxGzM7/lXh/Rjmx0jo7F4kXzZttnk50s20="},"public":{"type":"Buffer","data":"h1sNtCS6kZIB52ye84yBkUmacfeA8IjQofCkv68Q8FE="}},"signedPreKey":{"keyPair":{"private":{"type":"Buffer","data":"CEAjl0geouDjNLjOJ0lqvYDbzfZFo565hwnMuCEZtm0="},"public":{"type":"Buffer","data":"gDicXm6aQ746L4AY20+zniSeLJQCb9x2EocPF/qJMXA="}},"signature":{"type":"Buffer","data":"qHR4U+V5vnbBSYj36CTfPkEaSQp4I60mTA25tqQ0OAB7sS32eYSddNi1/GQD6X7QJ16DHoB1U6PNal7+fxIjDA=="},"keyId":1},"registrationId":157,"advSecretKey":"NyvSj2MZ4X8Y5IZZgtfk6BOZjRGE7nEY1nr3QfrtrNw=","processedHistoryMessages":[{"key":{"remoteJid":"60169510118@s.whatsapp.net","fromMe":true,"id":"04F9B75907E621817E409FE943B6DB41"},"messageTimestamp":1741082150},{"key":{"remoteJid":"60169510118@s.whatsapp.net","fromMe":true,"id":"8910F54297C89CC2ECF834517273D332"},"messageTimestamp":1741082150},{"key":{"remoteJid":"60169510118@s.whatsapp.net","fromMe":true,"id":"43BAC551A74ECCA924FF80F0907084C0"},"messageTimestamp":1741082178},{"key":{"remoteJid":"60169510118@s.whatsapp.net","fromMe":true,"id":"A62ACC3E370A4249A3A5AE120710B889"},"messageTimestamp":1741082200},{"key":{"remoteJid":"60169510118@s.whatsapp.net","fromMe":true,"id":"09FF0819E39023EECCFA07D13C05B026"},"messageTimestamp":1741082213}],"nextPreKeyId":61,"firstUnuploadedPreKeyId":61,"accountSyncCounter":1,"accountSettings":{"unarchiveChats":false},"registered":false,"account":{"details":"CICX6pgFEJecm74GGAYgACgA","accountSignatureKey":"Ppd8uJUJWTXhJBNlbgVzrRwU/As1IyWfPmOr4yE3MmE=","accountSignature":"8LIzEKquIxuX2FsDI48Cf6eEQ/VVxuT7QdpHP4/ZPhNxTpzu5E/8n+l65rrI3igxUYy00VQZSwkAyFKupB61Cg==","deviceSignature":"+hLOC6hI3XbRprAb/79kZJzQC2x5W5BwG0k/P5cH3luiTT3bM2F3yxWgKOzILgeZFaVBgtuo+bR6b8FHZc35Cg=="},"me":{"id":"60169510118:18@s.whatsapp.net","lid":"85126302195820:18@lid","name":"Vikram"},"signalIdentities":[{"identifier":{"name":"60169510118:18@s.whatsapp.net","deviceId":0},"identifierKey":{"type":"Buffer","data":"BT6XfLiVCVk14SQTZW4Fc60cFPwLNSMlnz5jq+MhNzJh"}}],"platform":"android","routingInfo":{"type":"Buffer","data":"CBIICA=="},"lastAccountSyncTimestamp":1741082360,"lastPropHash":"2G4Amu","myAppStateKeyId":"AAAAAPrp"}