{"_sessions":{"BQoVaShJQm/bHBqDuGtkEXHclaiWo6K9sZfceq0xMi8U":{"registrationId":1957462096,"currentRatchet":{"ephemeralKeyPair":{"pubKey":"BRer60zIpaC/lVqQEA1XbbdW4IFXoR0p6jRKH7QrdkU5","privKey":"kKI7GglK2m8YzjxuUu5Utpk9mBBTOiTpw5wCq729U30="},"lastRemoteEphemeralKey":"BdV/1ImsbPBzHwLjBmpJCySX3yAC8revIA1H2BrHzHQb","previousCounter":0,"rootKey":"osIkWHr9jsVcRRC6SnTfwA9HtIlg5oLDy/UHBblq3nU="},"indexInfo":{"baseKey":"BQoVaShJQm/bHBqDuGtkEXHclaiWo6K9sZfceq0xMi8U","baseKeyType":2,"closed":-1,"used":1741095374945,"created":1741095374945,"remoteIdentityKey":"BeqUAj/mYHTr9SZ8TqudE+wUBx1qNQ+Q69j3+MHcheZl"},"_chains":{"BdV/1ImsbPBzHwLjBmpJCySX3yAC8revIA1H2BrHzHQb":{"chainKey":{"counter":0,"key":"NKya8cXA5lyxvntUEpWTXBnn4RKl020wa9o6jPJwmo8="},"chainType":2,"messageKeys":{}},"BRer60zIpaC/lVqQEA1XbbdW4IFXoR0p6jRKH7QrdkU5":{"chainKey":{"counter":-1,"key":"X7ck2kGtmOm0ehBlEgTuiSzBc3P/lTbEwrYZLFvngWQ="},"chainType":1,"messageKeys":{}}}}},"version":"v1"}