{"_sessions":{"BZl8UYgDEESQN5nSBqbihbNAbEYyC9L9fPiCINGr05sE":{"registrationId":371917125,"currentRatchet":{"ephemeralKeyPair":{"pubKey":"BRG30+DZ7B1MB9J3Xu/4HtricQ63ukONVtLkrG6jLrtv","privKey":"8Lo8acETIi0G7z2fu/CsFOu0Lr0TE5TQou4u16pA6U0="},"lastRemoteEphemeralKey":"BaPyRHDbjUeDmkZ4mWfvMGXojDZu05gk3zXNAUs7mUJZ","previousCounter":0,"rootKey":"QMe3rQV9YaRgmgppKIx1erHw9pQ8ykONr7CMNBI0+II="},"indexInfo":{"baseKey":"BZl8UYgDEESQN5nSBqbihbNAbEYyC9L9fPiCINGr05sE","baseKeyType":1,"closed":1741096804905,"used":1741096689543,"created":1741096689543,"remoteIdentityKey":"BYaXt142LpmZzNs9g8ge3Ags5raRc9ULLTPVFzySIn4R"},"_chains":{"BRG30+DZ7B1MB9J3Xu/4HtricQ63ukONVtLkrG6jLrtv":{"chainKey":{"counter":1,"key":"sqUuP7zchO9Fe6zFQCqiFak6ua/ke0uhaEd7lUjDuXA="},"chainType":1,"messageKeys":{}}},"pendingPreKey":{"signedKeyId":5066126,"baseKey":"BZl8UYgDEESQN5nSBqbihbNAbEYyC9L9fPiCINGr05sE","preKeyId":3293}},"BQ3YAATHp931+FrN6+MGlPtqVRnxAC35JT+tau1jA4E/":{"registrationId":371917125,"currentRatchet":{"ephemeralKeyPair":{"pubKey":"BYzwDhfghv/C2NSgsoXyyPPlGSXyV0cEw9jmWTq8gTwo","privKey":"GIVBsVm4HJpNC9EK2UHdPshjzexTYAuQtQ8ddimmv0o="},"lastRemoteEphemeralKey":"BaPyRHDbjUeDmkZ4mWfvMGXojDZu05gk3zXNAUs7mUJZ","previousCounter":0,"rootKey":"FTPM6TmemEpJ52QYXSOtPGoZuEybuqF1YYH/PXJkfzE="},"indexInfo":{"baseKey":"BQ3YAATHp931+FrN6+MGlPtqVRnxAC35JT+tau1jA4E/","baseKeyType":1,"closed":1741096811427,"used":1741096804902,"created":1741096804902,"remoteIdentityKey":"BYaXt142LpmZzNs9g8ge3Ags5raRc9ULLTPVFzySIn4R"},"_chains":{"BYzwDhfghv/C2NSgsoXyyPPlGSXyV0cEw9jmWTq8gTwo":{"chainKey":{"counter":0,"key":"A9n2LmJixT9n4eGX/Wb1X3Rxps4DbRYO9dxDc253/KE="},"chainType":1,"messageKeys":{}}},"pendingPreKey":{"signedKeyId":5066126,"baseKey":"BQ3YAATHp931+FrN6+MGlPtqVRnxAC35JT+tau1jA4E/","preKeyId":3474}},"BUFajMLAxz99c5cmIpoOoNpzI9Tz344EGnBgOVAPI8Ja":{"registrationId":371917125,"currentRatchet":{"ephemeralKeyPair":{"pubKey":"BWpMZn2QDxwkFvWCfBksnvYi07eNs1KwFxS54k1GglVW","privKey":"kGnaQTdUcJ2seU2kGA3njGxR8rB1m/6UjkB2Ef+nRUw="},"lastRemoteEphemeralKey":"BaPyRHDbjUeDmkZ4mWfvMGXojDZu05gk3zXNAUs7mUJZ","previousCounter":0,"rootKey":"doO7zlhbD37ckWbsS/iOpUCYmigg/Ly5IyLvhF0rTFA="},"indexInfo":{"baseKey":"BUFajMLAxz99c5cmIpoOoNpzI9Tz344EGnBgOVAPI8Ja","baseKeyType":1,"closed":1741097361717,"used":1741096811424,"created":1741096811424,"remoteIdentityKey":"BYaXt142LpmZzNs9g8ge3Ags5raRc9ULLTPVFzySIn4R"},"_chains":{"BWpMZn2QDxwkFvWCfBksnvYi07eNs1KwFxS54k1GglVW":{"chainKey":{"counter":-1,"key":"m3yyKTGMfg/2Kw9SswShrqtrOtrcwiSrFPWsGrU4O7Y="},"chainType":1,"messageKeys":{}}},"pendingPreKey":{"signedKeyId":5066126,"baseKey":"BUFajMLAxz99c5cmIpoOoNpzI9Tz344EGnBgOVAPI8Ja","preKeyId":3478}},"BZhelmJiqSIOARRwXpSn9TdLFLCXifnGVonjQ+Jvd3N4":{"registrationId":371917125,"currentRatchet":{"ephemeralKeyPair":{"pubKey":"BVu001iGH/JSaplpdmW3Vmsi+IRvti3fzNP3SocNtvYj","privKey":"CMKBM5E2EzOGEBwSXQC10IbrZQ//TzwtLkjEJzermV0="},"lastRemoteEphemeralKey":"BaPyRHDbjUeDmkZ4mWfvMGXojDZu05gk3zXNAUs7mUJZ","previousCounter":0,"rootKey":"RKsFMMX5NbygJUfJcuoqsWwV3cRgbGKiLDKHpNWcfgQ="},"indexInfo":{"baseKey":"BZhelmJiqSIOARRwXpSn9TdLFLCXifnGVonjQ+Jvd3N4","baseKeyType":1,"closed":1741097361998,"used":1741097361713,"created":1741097361713,"remoteIdentityKey":"BYaXt142LpmZzNs9g8ge3Ags5raRc9ULLTPVFzySIn4R"},"_chains":{"BVu001iGH/JSaplpdmW3Vmsi+IRvti3fzNP3SocNtvYj":{"chainKey":{"counter":-1,"key":"saPhsd5/vZmTcdEqKE//iMaaYmQ92Kzzl2AnVkMcA84="},"chainType":1,"messageKeys":{}}},"pendingPreKey":{"signedKeyId":5066126,"baseKey":"BZhelmJiqSIOARRwXpSn9TdLFLCXifnGVonjQ+Jvd3N4","preKeyId":3390}},"BcE0ovlY1HtDw7J8xauEpjj79mpjUT6Uq51yCE3PJuxM":{"registrationId":371917125,"currentRatchet":{"ephemeralKeyPair":{"pubKey":"BdObvU4nwpL33SAarSHvwmHB42IRFKov6mJi7pnvbgIF","privKey":"kMZ39/Ry7m3005ha4ZK/VeqNfn4S+MqSlEfwrkohPFs="},"lastRemoteEphemeralKey":"BaPyRHDbjUeDmkZ4mWfvMGXojDZu05gk3zXNAUs7mUJZ","previousCounter":0,"rootKey":"gR3kMO63iWOmkN+NbAR+KbxN62WRixQLza33fYqqR1c="},"indexInfo":{"baseKey":"BcE0ovlY1HtDw7J8xauEpjj79mpjUT6Uq51yCE3PJuxM","baseKeyType":1,"closed":-1,"used":1741097361995,"created":1741097361995,"remoteIdentityKey":"BYaXt142LpmZzNs9g8ge3Ags5raRc9ULLTPVFzySIn4R"},"_chains":{"BdObvU4nwpL33SAarSHvwmHB42IRFKov6mJi7pnvbgIF":{"chainKey":{"counter":-1,"key":"7kaN72ZIW53sTpfRtQrhWp+KDn/kWGSOL2SKNpJ+xQM="},"chainType":1,"messageKeys":{}}},"pendingPreKey":{"signedKeyId":5066126,"baseKey":"BcE0ovlY1HtDw7J8xauEpjj79mpjUT6Uq51yCE3PJuxM","preKeyId":3507}}},"version":"v1"}