{"_sessions":{"BXKQSBQQ9afxock8u71oA+pqlJ33dw0XecglETyJRfky":{"registrationId":1008513366,"currentRatchet":{"ephemeralKeyPair":{"pubKey":"BYVb7dlsz1GxBlKJ+nTSndi2TEf2rvT1SR4GrRdUeJ0I","privKey":"CJF4slIrqHFY+MqJtKRNDvCxLAYTho61HhdLvfco8FE="},"lastRemoteEphemeralKey":"BaLZTV21KAawYdjn78bUIF/vI+cfu8/idRaIqWGiUpot","previousCounter":0,"rootKey":"WKi+T7dVb4vuxIKFIRM+w+KuOwlu8SzJaU4VflfE/tI="},"indexInfo":{"baseKey":"BXKQSBQQ9afxock8u71oA+pqlJ33dw0XecglETyJRfky","baseKeyType":2,"closed":-1,"used":1741095377672,"created":1741095377672,"remoteIdentityKey":"BfZzcRyLlEHmcPiPbnW8nL2699xdGoHbCc46sbn39Fgt"},"_chains":{"BaLZTV21KAawYdjn78bUIF/vI+cfu8/idRaIqWGiUpot":{"chainKey":{"counter":0,"key":"Zg/bNR+0vaxJX4Xyc3sPxI9EgLjX37HteuLgZ4ubYFI="},"chainType":2,"messageKeys":{}},"BYVb7dlsz1GxBlKJ+nTSndi2TEf2rvT1SR4GrRdUeJ0I":{"chainKey":{"counter":-1,"key":"tX72NqK/PoKE9pOMu5m1iMZMhM85JFcRk9khMI5OlqY="},"chainType":1,"messageKeys":{}}}}},"version":"v1"}