{"_sessions":{"BTAAJKaj3x5Wyrf3AltUQGswXDZuE3c8p0ExEIVtulUe":{"registrationId":14085,"currentRatchet":{"ephemeralKeyPair":{"pubKey":"BVFqGBvUEITA8DxkDcD04Jj9SoEvTKZJbFLHzkFDHxpo","privKey":"sDTb0wXKuR+z/d0Ej2VMTEqdurXygnrrPIZD1U0C0H0="},"lastRemoteEphemeralKey":"BWaHLFKR+U2feUkVme+mwuvlV0ZwcXHEsHhr5oFv6rIQ","previousCounter":0,"rootKey":"BC0eDDxp73tm/aJ+1U9U4O0GwTazWEp0QKl8bXFUvgU="},"indexInfo":{"baseKey":"BTAAJKaj3x5Wyrf3AltUQGswXDZuE3c8p0ExEIVtulUe","baseKeyType":1,"closed":-1,"used":1741101891249,"created":1741101891249,"remoteIdentityKey":"BSkRyMf69L9CT4RD30LGbI8GFoqx32uMjxLdv+sp6Igk"},"_chains":{"BVFqGBvUEITA8DxkDcD04Jj9SoEvTKZJbFLHzkFDHxpo":{"chainKey":{"counter":1,"key":"SOS+6xcZYtg2FeXZ4i8G0HoQZHkVp1bo6wSz5gJJzrQ="},"chainType":1,"messageKeys":{}}},"pendingPreKey":{"signedKeyId":1,"baseKey":"BTAAJKaj3x5Wyrf3AltUQGswXDZuE3c8p0ExEIVtulUe"}}},"version":"v1"}