{"_sessions":{"BcMGBCc85wERknZDXEAu8jM9e6r0xrPzXjMcxtzsMRwr":{"registrationId":1188473113,"currentRatchet":{"ephemeralKeyPair":{"pubKey":"BaeQl62DRcR0ZxuK8r3coa6DiCuhGZYwVrMRhV9vYVd6","privKey":"mOTyToR1RzsSYrStOfEbOyf2vj57OVQVCgyIMOFbpU8="},"lastRemoteEphemeralKey":"BWT50gu3QXPik7EP7eLdS9OQk/6LdC6A9eGjj9xTWUhP","previousCounter":0,"rootKey":"kwW173Cjq0rWGLbDku9FnlM81N41RbRogVfV2DxSV6Y="},"indexInfo":{"baseKey":"BcMGBCc85wERknZDXEAu8jM9e6r0xrPzXjMcxtzsMRwr","baseKeyType":2,"closed":-1,"used":1741101846779,"created":1741101846779,"remoteIdentityKey":"BTwfQIWIxwH3sanoTSzpjscRzkfMKehsMifqjWEDp1lR"},"_chains":{"BWT50gu3QXPik7EP7eLdS9OQk/6LdC6A9eGjj9xTWUhP":{"chainKey":{"counter":2,"key":"Uh7nTyePp1lF14fKOJ8WlGexjpDiDeaGM62qDGeM8FE="},"chainType":2,"messageKeys":{}},"BaeQl62DRcR0ZxuK8r3coa6DiCuhGZYwVrMRhV9vYVd6":{"chainKey":{"counter":-1,"key":"me7J+u/ugFp+vItHNIHU5TD/OWUMrenzQhEdL0Rk9l0="},"chainType":1,"messageKeys":{}}}}},"version":"v1"}