{"_sessions":{"BQQu8lnzWaJbNpUzzADCoAIPL9BYb5vnyFDyehhu8NJ/":{"registrationId":315492560,"currentRatchet":{"ephemeralKeyPair":{"pubKey":"Ba2Az8h9Aue3S9sN+0U+i7V/Pn57ToyBHdMRFk0Oje0V","privKey":"KE0ikF9esoo2sS/CqeyJpf8hr1sXg2XsTAYN62V81G8="},"lastRemoteEphemeralKey":"BTGDVTZxrJ4ehCLmzqG65yxI1hIHa8tlkOiDm9+npEdo","previousCounter":0,"rootKey":"+wkPPh7Sm+O99Of/7kmTXYgH4aVunl+1QNJayKRYPfA="},"indexInfo":{"baseKey":"BQQu8lnzWaJbNpUzzADCoAIPL9BYb5vnyFDyehhu8NJ/","baseKeyType":1,"closed":-1,"used":1741096689485,"created":1741096689485,"remoteIdentityKey":"BdU2TBBwNf49QdnrlXPlvJzCymxaWejhQ0mlL6E+NE5y"},"_chains":{"Ba2Az8h9Aue3S9sN+0U+i7V/Pn57ToyBHdMRFk0Oje0V":{"chainKey":{"counter":2,"key":"95AWoztwyQ0Y4cekmcrBNkZiExnEqPj5QivdbsNpNsI="},"chainType":1,"messageKeys":{}}},"pendingPreKey":{"signedKeyId":24,"baseKey":"BQQu8lnzWaJbNpUzzADCoAIPL9BYb5vnyFDyehhu8NJ/","preKeyId":11711785}}},"version":"v1"}