{"_sessions":{"BTgN+KpXYYziTG7lbO6z4yoorrx+PVasbvYCAi6Gx+V4":{"registrationId":1015185203,"currentRatchet":{"ephemeralKeyPair":{"pubKey":"BSQnXevZfmJZReZNUzSo3a3NpplW5O7cSIQL0WFia3Jx","privKey":"yBKuMrHl9+HDpu+64oFh49rUrQOUfJYNBvTg9RADgHw="},"lastRemoteEphemeralKey":"Bdi88yqQ+CAe1C0palLIJf+qbiQq8nnZnwurk3t0k2R3","previousCounter":0,"rootKey":"sHYEB/ay9+4WTLhqbBeBhGyiBA/6/lXUqldv19ba1fc="},"indexInfo":{"baseKey":"BTgN+KpXYYziTG7lbO6z4yoorrx+PVasbvYCAi6Gx+V4","baseKeyType":2,"closed":-1,"used":1741102228396,"created":1741102228396,"remoteIdentityKey":"BdLOOdtjP9DtyT+8AfBb6FcfJc413Z9fVDCs3anF4Edo"},"_chains":{"Bdi88yqQ+CAe1C0palLIJf+qbiQq8nnZnwurk3t0k2R3":{"chainKey":{"counter":0,"key":"T7z/DfAtH5YPXqtm4WqxuixVi7vcRLlVDJqYRm6KB1E="},"chainType":2,"messageKeys":{}},"BSQnXevZfmJZReZNUzSo3a3NpplW5O7cSIQL0WFia3Jx":{"chainKey":{"counter":-1,"key":"Z9CM4tBdxqULaXdw5Kb6kttRxuRS0+3ChL2c7XGgFdc="},"chainType":1,"messageKeys":{}}}}},"version":"v1"}