{"_sessions":{"BRto7ord3/mBE/uus0C16FaTGHmM5i5zwJKmydITOrkw":{"registrationId":1383697103,"currentRatchet":{"ephemeralKeyPair":{"pubKey":"BdZxhoF9znLtrZKXqoviykyOxmG4qCfO17Li2yg+YeZf","privKey":"IL/9HnUEF1WqtV73WqtRN4TtGumCta6hTARGYgHHX3E="},"lastRemoteEphemeralKey":"Bc27kKxb33mD4VxhziHTYB3EwcbASo4s89V/maLFW9BO","previousCounter":0,"rootKey":"07lDkVdlR7zXefRu9f34LUvpKSYP4HZxJ1NljuJjen8="},"indexInfo":{"baseKey":"BRto7ord3/mBE/uus0C16FaTGHmM5i5zwJKmydITOrkw","baseKeyType":1,"closed":1741096803437,"used":1741096689557,"created":1741096689557,"remoteIdentityKey":"BXau668a46hTm85wvHQ/GGPhCKbMXq7X0Yup5vdoDigs"},"_chains":{"BdZxhoF9znLtrZKXqoviykyOxmG4qCfO17Li2yg+YeZf":{"chainKey":{"counter":1,"key":"9cV+cEqD7/vkgs73RzT+8aIZP/AmgWwHnuvYd1ROQmI="},"chainType":1,"messageKeys":{}}},"pendingPreKey":{"signedKeyId":16530367,"baseKey":"BRto7ord3/mBE/uus0C16FaTGHmM5i5zwJKmydITOrkw","preKeyId":678}},"BWhdxP8mx5WWlxKrlxX6c2ToxaLWf+3AYciUJce5qY9t":{"registrationId":1383697103,"currentRatchet":{"ephemeralKeyPair":{"pubKey":"BRP4cb0RiC6N02hQ5C1VEoweqQNhTIiPpn17evED/odZ","privKey":"QNvQfPZAc7ohG+I4kbF/f5KEwtpA1Lqe5UsWczGyF28="},"lastRemoteEphemeralKey":"Bc27kKxb33mD4VxhziHTYB3EwcbASo4s89V/maLFW9BO","previousCounter":0,"rootKey":"dSt4nZNDOKo0Y+S0Pr7SsdVfu8/G5A/jP6MYR7qAIbU="},"indexInfo":{"baseKey":"BWhdxP8mx5WWlxKrlxX6c2ToxaLWf+3AYciUJce5qY9t","baseKeyType":1,"closed":1741096810075,"used":1741096803435,"created":1741096803435,"remoteIdentityKey":"BXau668a46hTm85wvHQ/GGPhCKbMXq7X0Yup5vdoDigs"},"_chains":{"BRP4cb0RiC6N02hQ5C1VEoweqQNhTIiPpn17evED/odZ":{"chainKey":{"counter":0,"key":"o7as1xHUq/Q8/z54XWWRRmc3s/1LEkNrbJ950Kn63Wk="},"chainType":1,"messageKeys":{}}},"pendingPreKey":{"signedKeyId":16530367,"baseKey":"BWhdxP8mx5WWlxKrlxX6c2ToxaLWf+3AYciUJce5qY9t","preKeyId":494}},"BWttDxGrhfraNe3URHsriBdpYtWwNu7ynxBF8S+xsxYq":{"registrationId":1383697103,"currentRatchet":{"ephemeralKeyPair":{"pubKey":"BWPIj/Fzd5jsxOcCdGf5B3w0Vw95vdCNdKYBraME1GEY","privKey":"0F9s1H+dtvGQSuPnIoY9P6dOkYS4Hm6JCQy2RKxar34="},"lastRemoteEphemeralKey":"Bc27kKxb33mD4VxhziHTYB3EwcbASo4s89V/maLFW9BO","previousCounter":0,"rootKey":"yBy89k8VaXbMRiou5cprI+qZRlaR1L+2ead/WaKcjMA="},"indexInfo":{"baseKey":"BWttDxGrhfraNe3URHsriBdpYtWwNu7ynxBF8S+xsxYq","baseKeyType":1,"closed":1741097369872,"used":1741096810073,"created":1741096810073,"remoteIdentityKey":"BXau668a46hTm85wvHQ/GGPhCKbMXq7X0Yup5vdoDigs"},"_chains":{"BWPIj/Fzd5jsxOcCdGf5B3w0Vw95vdCNdKYBraME1GEY":{"chainKey":{"counter":-1,"key":"neWy1vi93Qg/nObWToNmsw1vhgD50Bzj2Ww6IXGvutQ="},"chainType":1,"messageKeys":{}}},"pendingPreKey":{"signedKeyId":16530367,"baseKey":"BWttDxGrhfraNe3URHsriBdpYtWwNu7ynxBF8S+xsxYq","preKeyId":306}},"BTa4W6zcq7iJnwHHPlUkbuLpHYA6OqITfvQMP6ufRCRz":{"registrationId":1383697103,"currentRatchet":{"ephemeralKeyPair":{"pubKey":"BQr8pOmQmQZgd6rDMRxCt7tPU+gZTp1IOTNuI1wcmSxa","privKey":"YO/rgsLZ6Qby3HsYEJU279lbd1ew5OtC25FMCpqRRmU="},"lastRemoteEphemeralKey":"Bc27kKxb33mD4VxhziHTYB3EwcbASo4s89V/maLFW9BO","previousCounter":0,"rootKey":"l1pta5tFM8qHWmv7wfosbR92tQezBvDkLFDODy9QcfM="},"indexInfo":{"baseKey":"BTa4W6zcq7iJnwHHPlUkbuLpHYA6OqITfvQMP6ufRCRz","baseKeyType":1,"closed":1741097370125,"used":1741097369870,"created":1741097369870,"remoteIdentityKey":"BXau668a46hTm85wvHQ/GGPhCKbMXq7X0Yup5vdoDigs"},"_chains":{"BQr8pOmQmQZgd6rDMRxCt7tPU+gZTp1IOTNuI1wcmSxa":{"chainKey":{"counter":-1,"key":"Nvj+pniY2dP5W5zh0NFws0ryBvClw2pYS870/A0DDWc="},"chainType":1,"messageKeys":{}}},"pendingPreKey":{"signedKeyId":16530367,"baseKey":"BTa4W6zcq7iJnwHHPlUkbuLpHYA6OqITfvQMP6ufRCRz","preKeyId":212}},"BYfJcte8ImIiFqiJ+Z3wNdmdP1YeNhGgCZwznqQfaItU":{"registrationId":1383697103,"currentRatchet":{"ephemeralKeyPair":{"pubKey":"BV1QmZVDF0VxVEl1VkxH4GAJzvr/zpBj/kCsL0bbtrt3","privKey":"kB1nixvJDCTwjMGejfDfd2KpGRTHFXqNcQhWDBvaQHw="},"lastRemoteEphemeralKey":"Bc27kKxb33mD4VxhziHTYB3EwcbASo4s89V/maLFW9BO","previousCounter":0,"rootKey":"yAgbqBli+94xQqaoqo6Mmd8Pf8klU9mEJ2jV9+Xdf2k="},"indexInfo":{"baseKey":"BYfJcte8ImIiFqiJ+Z3wNdmdP1YeNhGgCZwznqQfaItU","baseKeyType":1,"closed":-1,"used":1741097370122,"created":1741097370122,"remoteIdentityKey":"BXau668a46hTm85wvHQ/GGPhCKbMXq7X0Yup5vdoDigs"},"_chains":{"BV1QmZVDF0VxVEl1VkxH4GAJzvr/zpBj/kCsL0bbtrt3":{"chainKey":{"counter":-1,"key":"hWKJMjy2ZURIZ2G0a9U0XEFk2ck06V3cgnS+dVI61W8="},"chainType":1,"messageKeys":{}}},"pendingPreKey":{"signedKeyId":16530367,"baseKey":"BYfJcte8ImIiFqiJ+Z3wNdmdP1YeNhGgCZwznqQfaItU","preKeyId":305}}},"version":"v1"}