{"_sessions":{"BQGE16Zwpym37JOkpAPN+U+5cOibNEp7ikMCAKJmPsdD":{"registrationId":5167,"currentRatchet":{"ephemeralKeyPair":{"pubKey":"Bb6VlaV81A4+jc09AWP9hZvhhE6lRSlVQ/d+h3x2VZx2","privKey":"mIrZvIT5UiukBu4VFfHMR9t6tCuOewPKiyb+vknEM0s="},"lastRemoteEphemeralKey":"BQE0ESlTpvb4OH4xaYfW60d3CDkDeVaKtmSzqzj0PgtD","previousCounter":1,"rootKey":"sYK5KCj9oupo4Sfw8dUiz35M6KryDMN7u6CLds1z40Y="},"indexInfo":{"baseKey":"BQGE16Zwpym37JOkpAPN+U+5cOibNEp7ikMCAKJmPsdD","baseKeyType":2,"closed":-1,"used":1741102647403,"created":1741095375348,"remoteIdentityKey":"BeEVY49mL+dJhgBeVoRmW7ovCiKBt6d5VKzkC1r1ewV5"},"_chains":{"BZxfIsizs1t9pA2eizd835qIFZABTVJXANiVQ9cODngq":{"chainKey":{"counter":12},"chainType":2,"messageKeys":{}},"BQ0P1I/p1I4VJi3Qun3Gwm404KFO1LMnQUL8ciAQdwIt":{"chainKey":{"counter":0},"chainType":2,"messageKeys":{}},"BRT7qBHav3gjcOyIHPD1xsdF64huGdg0YhuZVp/3xXwI":{"chainKey":{"counter":0},"chainType":2,"messageKeys":{}},"BSCgwwnlgem7uqDlez4JZ46QFQBHci0wfl3Vc2iBDqpK":{"chainKey":{"counter":0},"chainType":2,"messageKeys":{}},"BTS87s5DkHtOhjVibC6q4SITkkw7qLmI1EIrKaNjYrY0":{"chainKey":{"counter":1},"chainType":2,"messageKeys":{}},"BVdSNBNBslWU1d+XBtLS8aR4R+RR0MyYjQNzvhE8+4oA":{"chainKey":{"counter":0},"chainType":2,"messageKeys":{}},"BfrYaRCOrU9e7fB7mMjHnVAK7ZlTIvJheja549kyiVJu":{"chainKey":{"counter":0},"chainType":2,"messageKeys":{}},"BVFKwpHhw03OHGTW6TxpL6ZkBzodECutWYs6cYJxSZV7":{"chainKey":{"counter":0},"chainType":2,"messageKeys":{}},"BZsA8tfGPE3Iu5PqrTVPlkkD/W07oIbQDpl+aVHZR3k+":{"chainKey":{"counter":0},"chainType":2,"messageKeys":{}},"BS5O6/peUDXu2G32D2yMb/YvXJIcpDFlQt2FsBb73HgE":{"chainKey":{"counter":0},"chainType":2,"messageKeys":{}},"BdYeAPIyAw8T/5xbinJlITatbiX4AumQ01jdhjfH9QAt":{"chainKey":{"counter":2},"chainType":2,"messageKeys":{}},"BTfFbT/bAaLZKu+72cX1+nusnPPhJA6+OjOzsZuRI4RO":{"chainKey":{"counter":0},"chainType":2,"messageKeys":{}},"BX7Q8bLkuWlihCSIJ7RLlAt027gewWB3hvGrIlqQRfZF":{"chainKey":{"counter":0},"chainType":2,"messageKeys":{}},"BRkKVkFiX32t/AgAPcEG5rI34JUSWmqgwAS1PMqNPcxJ":{"chainKey":{"counter":0},"chainType":2,"messageKeys":{}},"BUwktEBrKxDqsf9xJ3FkPrLhvQ/33FvwpL7LnayXN6U2":{"chainKey":{"counter":0},"chainType":2,"messageKeys":{}},"BQaGBBRNrPwaEHIsex1EMC4MqJdSAWRUQuMaA1A2Jbs5":{"chainKey":{"counter":0},"chainType":2,"messageKeys":{}},"BVjAjwIZaxqkrBEuYUehz11QAf7nF8I0LRHUg7CiO1V9":{"chainKey":{"counter":0},"chainType":2,"messageKeys":{}},"BVsN2LyvvEpTQJTn7nThTF6L5ACqdm+Bt7VHGfXQwhMM":{"chainKey":{"counter":0},"chainType":2,"messageKeys":{}},"BTXJZ+wUXylGxGpdxi++/qqfZb9qFaUyTUIWaQ8saG8I":{"chainKey":{"counter":0},"chainType":2,"messageKeys":{}},"BfkBkpgOEOZn6+0gY7/jlhinX4Nh085o3lupPrjMZ7BK":{"chainKey":{"counter":6},"chainType":2,"messageKeys":{}},"BQJzDiXEifhHn8Ww4lDD1ABTsmSJgCwPgyc9UZg84m4T":{"chainKey":{"counter":0},"chainType":2,"messageKeys":{}},"BTzR7SIObG1Rzq3wEuhfQtvGpmckeJYY+XqlNwMxS3Y4":{"chainKey":{"counter":6},"chainType":2,"messageKeys":{}},"Bc1bVy+Yy3GsPMSCFr6DA7kZIJ18eDkkk594TrbWNLkJ":{"chainKey":{"counter":0},"chainType":2,"messageKeys":{}},"BQU4h3vHRzKaDLZR0NFexbszO/EIoa/5jcPRjLFdWrt1":{"chainKey":{"counter":0},"chainType":2,"messageKeys":{}},"BSxDWxrxwldiitezkXZilPHafoQuSEFxbLbWV6c3qkd9":{"chainKey":{"counter":0},"chainType":2,"messageKeys":{}},"Bd21Sym93Mjn1MJdSnESrjGzoxNsLaFRaSE+muj9cDhy":{"chainKey":{"counter":0},"chainType":2,"messageKeys":{}},"BQVRXZNkF7zQja6Twj+zTp/XkW/zLzZCROIpeDusxfcE":{"chainKey":{"counter":0},"chainType":2,"messageKeys":{}},"BT1Y+/Ww1fG+tRjWnBwVDl48n6deY0C067lH2MADwrV8":{"chainKey":{"counter":0},"chainType":2,"messageKeys":{}},"BV7xmR3HgTya+m1M6lEhrvvJig21e+OKNjemBcmk4xI5":{"chainKey":{"counter":0},"chainType":2,"messageKeys":{}},"Beq/Eua2zJsUzGR8oROyJ+kt9BLTlL94+2fXCZ7k8XZX":{"chainKey":{"counter":0},"chainType":2,"messageKeys":{}},"BbdTSPzGptF36HyAhUEgEBVJTOm8XnxoCrJMN9TfkNQ8":{"chainKey":{"counter":0},"chainType":2,"messageKeys":{}},"BVOeAtjA1+7HQeSdwv3GsdYsYKVIhJ+iE9/E5tNVFq1s":{"chainKey":{"counter":7},"chainType":2,"messageKeys":{}},"BRILrNhb+C0RBjxdg3p3eAVq0CmvaLwftUF6LbZS+qUz":{"chainKey":{"counter":3},"chainType":2,"messageKeys":{}},"BUqQtNmkQAx0k7nesrHHFh5WyHBgmKaC1yapAgz6GZUp":{"chainKey":{"counter":0},"chainType":2,"messageKeys":{}},"BfrqroBJHM1egyAYT7uP27ojLDluJwhinhqT4HDrb/JS":{"chainKey":{"counter":0},"chainType":2,"messageKeys":{}},"BaCIaW62LqTY1pGknNEA10ZNZ2ijzJHGMst8RX8AzZso":{"chainKey":{"counter":0},"chainType":2,"messageKeys":{}},"BVo/aorDbiVaVn4s1RKjFCF2Anh89V4J5G1Ep+mQhQIH":{"chainKey":{"counter":0},"chainType":2,"messageKeys":{}},"BYealN+DPSc24jg3eapH3vq/kv6PkKW10NcWmI/qa1Rm":{"chainKey":{"counter":0},"chainType":2,"messageKeys":{}},"BfEoSTNFFMTTCziiEw0I+7+TsrDZewhP1FY5B8Pz0t42":{"chainKey":{"counter":0},"chainType":2,"messageKeys":{}},"BdqkMDr2ei7i4gkQ3flzABBDUvi1zf6iTy1ev/S6ul0u":{"chainKey":{"counter":0},"chainType":2,"messageKeys":{}},"BX/YFnJ5Ay6pA5a7XIwAmqviw72F9mMsfPFy1halYY8X":{"chainKey":{"counter":0},"chainType":2,"messageKeys":{}},"BdpihwHEKUS/i+p5N3s2bUmDkFv37nho4Igu4ae14P0W":{"chainKey":{"counter":0},"chainType":2,"messageKeys":{}},"BXTAXJQXLVbfVXONy5p6eCEFQgj0VH942QbEkD5erOQ3":{"chainKey":{"counter":0},"chainType":2,"messageKeys":{}},"BRBePFhADKWh9buXuvR4qMtMBEYmvtJcTUf3sJTRwyJD":{"chainKey":{"counter":0},"chainType":2,"messageKeys":{}},"BbnWpEqcnPUiiCBL3EFRz34v6v/DXNWBMpWoS+a3PMNr":{"chainKey":{"counter":0},"chainType":2,"messageKeys":{}},"BcS1JiKiQvIXD1R3GEhRbnuto+M4c360tae1HbaxF3Y/":{"chainKey":{"counter":0},"chainType":2,"messageKeys":{}},"BUFt3W56jaBKOyoixllcxlnUIqsHJGZarKsKe4DvgpQL":{"chainKey":{"counter":0},"chainType":2,"messageKeys":{}},"BfuLNfhno8IIdFWOJetpFzR3PuSj44zO+0s0ZPix0BQI":{"chainKey":{"counter":0},"chainType":2,"messageKeys":{}},"BRLkDylwkR7YESLrX3buyJSIPBRtVYEsVJET9oIEdRRh":{"chainKey":{"counter":1},"chainType":2,"messageKeys":{}},"Bb8ucGujOPi1zuAbmETqan1/0ZSy8QvCl6wmUjgmZp9Z":{"chainKey":{"counter":0},"chainType":2,"messageKeys":{}},"BW3+lfeolDEb/p+8QMCmzsDNy3MUxjI8A5qUpgGNfpk2":{"chainKey":{"counter":0},"chainType":2,"messageKeys":{}},"Bb8sceVvmQvmC4VURLWRpvisgNW/BrNVFVKtJtcbEg5/":{"chainKey":{"counter":0},"chainType":2,"messageKeys":{}},"BSAgOnd1xMUQWZV3Axo6JkFlszXwx8Ipxo6M5nneeqtg":{"chainKey":{"counter":0},"chainType":2,"messageKeys":{}},"BYnfEyLKmjeJSqKWnDauRHLrs4SxCPAZ5OYj0eynwjFr":{"chainKey":{"counter":2},"chainType":2,"messageKeys":{}},"BWEJLC2KpXDVG9rbM9xShch5PCIEUjxD3o3cO88+GyRW":{"chainKey":{"counter":0},"chainType":2,"messageKeys":{}},"BUQ61/drvadQcKSk2LvPGEmJQcu/2fgmG4R2758i1g8N":{"chainKey":{"counter":0},"chainType":2,"messageKeys":{}},"BYooUs4S1hwqkIrNZNHZlPA2uVqJxwwsEEq9F7AjvIRs":{"chainKey":{"counter":2},"chainType":2,"messageKeys":{}},"BbjOj9EkF8WUAnBmvOoUaU7UzqziU3OvIXgb9amy0I1R":{"chainKey":{"counter":0},"chainType":2,"messageKeys":{}},"BXvnGdQCwbjDTkWhxSgyr3JvYevqWDYGevkh144RIQBD":{"chainKey":{"counter":1},"chainType":2,"messageKeys":{}},"BWbCQSZO0HPLN8YyoYv3ka+DeWV49W5/ATEU/N57J0ha":{"chainKey":{"counter":1},"chainType":2,"messageKeys":{}},"BakqlLO64bqKaYj8qUFaqb3p7LG49SQ5xJxYI1ylwm9I":{"chainKey":{"counter":1},"chainType":2,"messageKeys":{}},"BZBuXaVhf/JmZR2wsKPjOLR59wAd22Aug5Z5N52DAPA0":{"chainKey":{"counter":0},"chainType":2,"messageKeys":{}},"BTegKxgqvVlZoI2rxkEWZs/D+0t0Tx2jrawuULW7n0FX":{"chainKey":{"counter":7},"chainType":2,"messageKeys":{}},"BVzCRO6XpgL3o+AksZCSI1qma37AfAVaP8Xbq3se2j9s":{"chainKey":{"counter":0},"chainType":2,"messageKeys":{}},"BUS47QU+FXNyw8/SNHW5HcHFxSB32+dPJe80lg1chAA6":{"chainKey":{"counter":1},"chainType":2,"messageKeys":{}},"Bdr7ItdU85qM2QP3oXECWzuk7KYzZQ+TTzY/pTq0LpgZ":{"chainKey":{"counter":0},"chainType":2,"messageKeys":{}},"Be11mU+Cv+pB9OGMYCpDYKvsWttAp9iSj7TDoN9ELRp3":{"chainKey":{"counter":0},"chainType":2,"messageKeys":{}},"Be0e0b0rst+3aCspAKgv/dCAA2iaMbWu8l9wEZfoDn1z":{"chainKey":{"counter":0},"chainType":2,"messageKeys":{}},"BR1JzORafvHkKo9LLQ0MuxphFepG2NjjnyiZAeWWeiRL":{"chainKey":{"counter":0},"chainType":2,"messageKeys":{}},"BYZFKP/9yXbXceWUFTgI3ntyMAhLdRj8Qz7ddQuzi1pb":{"chainKey":{"counter":2},"chainType":2,"messageKeys":{}},"BV+intY4xnvOtCa6ATAwkwdeMjQGnmJw0hPwrVymNOQb":{"chainKey":{"counter":0},"chainType":2,"messageKeys":{}},"BaQCYEe1QevhrXpnY+LRey0/QROOjrEq+wGxI2v0ZBMK":{"chainKey":{"counter":0},"chainType":2,"messageKeys":{}},"BZGR7656rP7OGODjNaoz8vxR8Lb4cW3ciAcO6O4zms9t":{"chainKey":{"counter":0},"chainType":2,"messageKeys":{}},"BQE0ESlTpvb4OH4xaYfW60d3CDkDeVaKtmSzqzj0PgtD":{"chainKey":{"counter":0,"key":"gbUoHnvvFdofcHJ3K64TXFOMQLB/RTFfG6ftUBDGObM="},"chainType":2,"messageKeys":{}},"Bb6VlaV81A4+jc09AWP9hZvhhE6lRSlVQ/d+h3x2VZx2":{"chainKey":{"counter":-1,"key":"nQjcYEyt+xdg9/NC3LPpj1BUEc0ClchA1ScE3ERT8jI="},"chainType":1,"messageKeys":{}}}}},"version":"v1"}