{"_sessions":{"BeG+uO51oweulfAtMRqArgGpdcGm3OORaOyh76O5KSot":{"registrationId":1201686726,"currentRatchet":{"ephemeralKeyPair":{"pubKey":"BYNTWC0TopGaLSzOJbvKQlYFg8DxwrW2VEHyOQyX7Fps","privKey":"wHDPfRWWsdKqm3OSYgAG97dkaNBPkaaKKPk00QhYFHs="},"lastRemoteEphemeralKey":"BWVDqbmozzgrz0TECsqgQ3fyLhMYyKOgifrND+YOochD","previousCounter":0,"rootKey":"O/XMirWIEPEmBGbt51+hV566P08t68uBwWocQaATb6k="},"indexInfo":{"baseKey":"BeG+uO51oweulfAtMRqArgGpdcGm3OORaOyh76O5KSot","baseKeyType":2,"closed":-1,"used":1741095375325,"created":1741095375325,"remoteIdentityKey":"BSuOOR9rbFSkfbGWb+6jRE5yoanCax60CB+rhfiXemRh"},"_chains":{"BWVDqbmozzgrz0TECsqgQ3fyLhMYyKOgifrND+YOochD":{"chainKey":{"counter":0,"key":"lHTYpv6p97gUlutEAaaj+EswuLDOVHzgFK8bDGtIXi0="},"chainType":2,"messageKeys":{}},"BYNTWC0TopGaLSzOJbvKQlYFg8DxwrW2VEHyOQyX7Fps":{"chainKey":{"counter":-1,"key":"qREmRr8KrnQ/wAAmjwBVlE5Nlls5RVzaIYLnjzUqkSc="},"chainType":1,"messageKeys":{}}}}},"version":"v1"}