{"_sessions":{"BdjLqvyDPN5pZg8udnkuNYQkZEPVXlS6Ti0/gL8abzUL":{"registrationId":1995,"currentRatchet":{"ephemeralKeyPair":{"pubKey":"BceJiYcwm3BkVURHQbNRWPNGutV2AFLFme6I0lO3YnJi","privKey":"IGRzsiXvpoOhzyaMjRY3f1dp0+CleMDWNRwmMOJi+30="},"lastRemoteEphemeralKey":"BXNrwAK/bMSqABhaUmErvRVZxQ4UzmrtDkHcc8U+OU4+","previousCounter":0,"rootKey":"3Ofp9ey2QwIX6sbp06DRk6NJykCpjAPXvaGeQzoFLnw="},"indexInfo":{"baseKey":"BdjLqvyDPN5pZg8udnkuNYQkZEPVXlS6Ti0/gL8abzUL","baseKeyType":1,"closed":-1,"used":1741096256811,"created":1741096256811,"remoteIdentityKey":"BQM0ETBkKD7ThpFfYzanmKWUoCe1eQZnsxGXuewJMnFe"},"_chains":{"BceJiYcwm3BkVURHQbNRWPNGutV2AFLFme6I0lO3YnJi":{"chainKey":{"counter":100,"key":"5UEROrpzw+mM7ycX5pd/bDo2RRgcjxtYbIrMfngm91w="},"chainType":1,"messageKeys":{}}},"pendingPreKey":{"signedKeyId":8,"baseKey":"BdjLqvyDPN5pZg8udnkuNYQkZEPVXlS6Ti0/gL8abzUL","preKeyId":1633}}},"version":"v1"}