{"_sessions":{"BUN8D/hr5dklh0Z+77bHMeFboRAqT9MnYqIFyk3SS/x4":{"registrationId":14785,"currentRatchet":{"ephemeralKeyPair":{"pubKey":"Bf5Yrogi9bKqvtbRhSywjw5YxTvqn0NnCNbcLLxBN64z","privKey":"4K4TDTjlX9Zdm5gwjoG4/eWX9JpLMgu2vkzOhYGkz2g="},"lastRemoteEphemeralKey":"BbORwVG51FHkxi+tGehJIzbHdR5kNlKYQ6Q5twYId9oJ","previousCounter":0,"rootKey":"GQptHDAV007jgBO5HTZhHfog0lxxEsiU6B4g7htDuF0="},"indexInfo":{"baseKey":"BUN8D/hr5dklh0Z+77bHMeFboRAqT9MnYqIFyk3SS/x4","baseKeyType":1,"closed":-1,"used":1741096689506,"created":1741096689506,"remoteIdentityKey":"BTbItcqSkIffhuMID/S6Zg4isjSjajHj/pYrVFDDJj0/"},"_chains":{"Bf5Yrogi9bKqvtbRhSywjw5YxTvqn0NnCNbcLLxBN64z":{"chainKey":{"counter":2,"key":"g6oxPvdis4IbVnIMKuSB8rCcNuzCPQz6GYlMqGp/k7I="},"chainType":1,"messageKeys":{}}},"pendingPreKey":{"signedKeyId":5,"baseKey":"BUN8D/hr5dklh0Z+77bHMeFboRAqT9MnYqIFyk3SS/x4","preKeyId":230}}},"version":"v1"}