{"_sessions":{"BZkeRFtqaac1Qd+T22SWQHrE1kQq1ekNrjlLMOo69ctx":{"registrationId":757206729,"currentRatchet":{"ephemeralKeyPair":{"pubKey":"BfPQdL0VAT++Bkeel98SWF6AZM6lPUFVtFeHXPxlJA5V","privKey":"kLiTxo6DvtaxncxjocIUrBR9yzp2PaU3pnsB4gl21VM="},"lastRemoteEphemeralKey":"BY3KaVSh+glySRm5eCL+cRWdKYKyom8a8wiVT2LZKjMm","previousCounter":0,"rootKey":"66l0rA/m3ROPxWmycsl3jMSAPDxbZhGrwFvwQ/K3O4Y="},"indexInfo":{"baseKey":"BZkeRFtqaac1Qd+T22SWQHrE1kQq1ekNrjlLMOo69ctx","baseKeyType":2,"closed":-1,"used":1741095375295,"created":1741095375295,"remoteIdentityKey":"BRC9ELx0hezQ93BVVtFwngpcPI+Ui2u82fOzbKcq+VsZ"},"_chains":{"BY3KaVSh+glySRm5eCL+cRWdKYKyom8a8wiVT2LZKjMm":{"chainKey":{"counter":0,"key":"kXbRT4tYbvwpGpb5mwo75f4xGXkK+dWghdh0CzbH144="},"chainType":2,"messageKeys":{}},"BfPQdL0VAT++Bkeel98SWF6AZM6lPUFVtFeHXPxlJA5V":{"chainKey":{"counter":-1,"key":"S78OpflynNEtk6FSLRzqazLe5JPcVyiTuQxBlW2Js28="},"chainType":1,"messageKeys":{}}}}},"version":"v1"}