{"_sessions":{"BR8rKfB/32/S1ax3hYs5qhcL0LJx6aXsmh+U7XLHOQdU":{"registrationId":15810,"currentRatchet":{"ephemeralKeyPair":{"pubKey":"BcdfeeZP4Otc5r2prtsN7DDrhHxZgcVV2ugUarkjrBY8","privKey":"uDublVC735iqVWrx8Jz1/DjHyTkWBc/reCqIjWhVqnk="},"lastRemoteEphemeralKey":"Be2+VjUffsQwPHp43oYiqs/z6hrOnEiABcpSNbODgWx5","previousCounter":0,"rootKey":"epjVNVwoHmbgm/rznZ1Gp3A06wYh7Gm5MWH2fP27gFI="},"indexInfo":{"baseKey":"BR8rKfB/32/S1ax3hYs5qhcL0LJx6aXsmh+U7XLHOQdU","baseKeyType":1,"closed":-1,"used":1741101891245,"created":1741101891245,"remoteIdentityKey":"BYlXmIGVrIz9aFq4n+WvFgbD6VwQfNSDNRmyR8vQ0D5b"},"_chains":{"BcdfeeZP4Otc5r2prtsN7DDrhHxZgcVV2ugUarkjrBY8":{"chainKey":{"counter":1,"key":"i6kUhsBigD7FOSm+wHZBm/YH/zN5/ONAImqadMBeVx8="},"chainType":1,"messageKeys":{}}},"pendingPreKey":{"signedKeyId":1,"baseKey":"BR8rKfB/32/S1ax3hYs5qhcL0LJx6aXsmh+U7XLHOQdU","preKeyId":488}}},"version":"v1"}