{"_sessions":{"BboABpg7UnI+z3lwe7xJ/qLgLV6E7QOIEqEf8riiRhoq":{"registrationId":123210529,"currentRatchet":{"ephemeralKeyPair":{"pubKey":"BTmtRKUqhkVLV1a7A+7s14/nMySOvJHlD826DiH8lM4N","privKey":"+B6iE0U2Hpn89HpI2N0LunSroQs5O91+0AdNaanvlUU="},"lastRemoteEphemeralKey":"BbHgLN+maJ+4thmswVhTUtoj5pajPJ4PFEfEO6QOVxIb","previousCounter":0,"rootKey":"GddnPscTo5xyagLcALnG6j9gpNSi3CKLCiZe6os4DCM="},"indexInfo":{"baseKey":"BboABpg7UnI+z3lwe7xJ/qLgLV6E7QOIEqEf8riiRhoq","baseKeyType":2,"closed":-1,"used":1741095375186,"created":1741095375186,"remoteIdentityKey":"BZ4a4jwCVd499N8TbmXA/UajnLb8AwpCMjGfePFvypZk"},"_chains":{"BbHgLN+maJ+4thmswVhTUtoj5pajPJ4PFEfEO6QOVxIb":{"chainKey":{"counter":1,"key":"e2L8UU2R/Iva2jMaGQshGZEUr3BzIUeyxbwT8pPd8cQ="},"chainType":2,"messageKeys":{}},"BTmtRKUqhkVLV1a7A+7s14/nMySOvJHlD826DiH8lM4N":{"chainKey":{"counter":-1,"key":"nsz3XtvUOIiyoe5CupS8DfcrLrAopyqL3awqEn1jmFM="},"chainType":1,"messageKeys":{}}}}},"version":"v1"}