{"_sessions":{"BZ79xx3LaxunA2iXNA23ibHJPOOq4f1idWhQnbpxoTVH":{"registrationId":4927,"currentRatchet":{"ephemeralKeyPair":{"pubKey":"BdkogeTauXJxvT2MDl33E534ZoJwGhPWRSfbUiAFDhoK","privKey":"yEy8MYqwoOTk+I2A+/6oFgtHf3W3HIzeDhLAXxTGPmE="},"lastRemoteEphemeralKey":"BSuvtAdlixbvh3YZ5H9tZH60703FOYdP/Na59aju9rxW","previousCounter":0,"rootKey":"RmHYVOGSDTQjzc5fuVa3RTpmlwHHGsrlTFsZ5sze6Js="},"indexInfo":{"baseKey":"BZ79xx3LaxunA2iXNA23ibHJPOOq4f1idWhQnbpxoTVH","baseKeyType":1,"closed":-1,"used":1741096689490,"created":1741096689490,"remoteIdentityKey":"BRDV2VK+GsY0G8Eze7opKuXkUM8f0lQjBRvccU4Z6BgY"},"_chains":{"BdkogeTauXJxvT2MDl33E534ZoJwGhPWRSfbUiAFDhoK":{"chainKey":{"counter":2,"key":"9VKw6wo4S5bvRcq7NV5b/eRRL7oENJpxOE/EIJCpJSc="},"chainType":1,"messageKeys":{}}},"pendingPreKey":{"signedKeyId":6,"baseKey":"BZ79xx3LaxunA2iXNA23ibHJPOOq4f1idWhQnbpxoTVH","preKeyId":550}}},"version":"v1"}