{"_sessions":{"BT10E29ENWAcAC6XqOwkKKlgyyqVNRfc7aEJpaHbYPBZ":{"registrationId":553084563,"currentRatchet":{"ephemeralKeyPair":{"pubKey":"BTdSVqYg31EpdV7x2P5jsUw/0/ZeV7M9opNxPNl50kFi","privKey":"wI9Q85vUPtIqcTB468Dqmyh7iQRRggyVR3FwHfSltn8="},"lastRemoteEphemeralKey":"BVVKZ8WVhXExJEMf0R5tSiyfePS1ZYfcAy0t+KGwLZVq","previousCounter":0,"rootKey":"JFG2Clj9KFEMM+Xla39d7g2MZIU+aoRd1ApLW9f2+J8="},"indexInfo":{"baseKey":"BT10E29ENWAcAC6XqOwkKKlgyyqVNRfc7aEJpaHbYPBZ","baseKeyType":1,"closed":-1,"used":1741082169183,"created":1741082169183,"remoteIdentityKey":"BV+M4zFH1+IgiAUx7yWRJ7UykkxbaSfLzGRFtM7QMCMt"},"_chains":{"BTdSVqYg31EpdV7x2P5jsUw/0/ZeV7M9opNxPNl50kFi":{"chainKey":{"counter":131,"key":"EF+fehodY/l7xcWv4HfTbWSdvC6gij6kSLbR8Ti2HpI="},"chainType":1,"messageKeys":{}}},"pendingPreKey":{"signedKeyId":1,"baseKey":"BT10E29ENWAcAC6XqOwkKKlgyyqVNRfc7aEJpaHbYPBZ","preKeyId":678}}},"version":"v1"}