{"_sessions":{"BX/PVLAR/IGNTY0ATvENSlrEwvRonM9QMKTUeQLwWapc":{"registrationId":995159161,"currentRatchet":{"ephemeralKeyPair":{"pubKey":"BWgkm+qfvSBi+jfgKscX6CLGMYKWhyuxYjcRPJG8e8tQ","privKey":"6JeFoQs5rCmOVzuSd+ArYlQ8xxF2qdtBeimX+kKkGH8="},"lastRemoteEphemeralKey":"BRItAXKJTDdOf4LVmmGv/6SJNNTmhg8jdLhCHSR+metv","previousCounter":0,"rootKey":"HhUGjqsb0G+mclDLXUs/ZhpQQ9EGVJx7GmkSxJMP1AA="},"indexInfo":{"baseKey":"BX/PVLAR/IGNTY0ATvENSlrEwvRonM9QMKTUeQLwWapc","baseKeyType":2,"closed":-1,"used":1741095375407,"created":1741095375407,"remoteIdentityKey":"BYCtepMVtSVjkM8UsjQc06PYypqslf83FsUalee/WMc3"},"_chains":{"BRItAXKJTDdOf4LVmmGv/6SJNNTmhg8jdLhCHSR+metv":{"chainKey":{"counter":2,"key":"YxGiwWDSswkRRIF00C8LdYhGzxy7dsyhg+nR0EOSVlw="},"chainType":2,"messageKeys":{"0":"3g0DrkRuFbA1YOKdlJO9vD+yU9w7mMHiEV79vB4uwnM="}},"BWgkm+qfvSBi+jfgKscX6CLGMYKWhyuxYjcRPJG8e8tQ":{"chainKey":{"counter":-1,"key":"iOFcPvb3WrsRogpohpQ1VForNgRPVByviYUzLyYj+Cg="},"chainType":1,"messageKeys":{}}}}},"version":"v1"}