{"_sessions":{"BYcZzquy2kRYXKwgfE+YSpkbBJ4cZrzve8aHBnsLJGV7":{"registrationId":1251885803,"currentRatchet":{"ephemeralKeyPair":{"pubKey":"BcPBoen8pObB5lm7OgM5c1QjFDvSRh//U9EZwo2fFWpP","privKey":"CMwMbiUa+AkFVEoDceJf8E1s1E5kclsZIngCqgFrpnA="},"lastRemoteEphemeralKey":"BeBQzK1jozNE1ynHl1R0ir5ibBojVuvRlpnm8g/zC/N+","previousCounter":0,"rootKey":"6W9yY8mksqThS2DtPN3/4SQPS0DFtAaYQ0Xctoi0QiE="},"indexInfo":{"baseKey":"BYcZzquy2kRYXKwgfE+YSpkbBJ4cZrzve8aHBnsLJGV7","baseKeyType":1,"closed":1741096794619,"used":1741096791350,"created":1741096689539,"remoteIdentityKey":"BRJUy44tSNo37hbQVHPKrYB0DEJbvSdOrRNoBoc9tu1p"},"_chains":{"BeBQzK1jozNE1ynHl1R0ir5ibBojVuvRlpnm8g/zC/N+":{"chainKey":{"counter":0,"key":"pObryaL3nzLyOKBcf9mpq0TpClt/LwFwC4gBstTDYZs="},"chainType":2,"messageKeys":{}},"BcPBoen8pObB5lm7OgM5c1QjFDvSRh//U9EZwo2fFWpP":{"chainKey":{"counter":-1,"key":"S6uTKDT8wABC06yyGC3igozrgZvgpGg6opaSNIJeDwM="},"chainType":1,"messageKeys":{}}}},"BYxfQ0mJRPMNBMMo1IqVRxLXlnl/9f2Rv+6m7CAzd3MH":{"registrationId":1251885803,"currentRatchet":{"ephemeralKeyPair":{"pubKey":"BQhlfYONnegJB/SZZxrDNoSimF/GfgmEXJOZBnNtXLcF","privKey":"MDDiHI4JpxqjA8pgU1BuAW3AKdaabjgqHT+bZmhgg0Q="},"lastRemoteEphemeralKey":"BZJJnd6LLcSBl6rEm/F6mEAiexmSNV2ePLMyFBimYANN","previousCounter":0,"rootKey":"GiROij31lPumIl8D6royqHh/5GSDoMTK9FZeUEBhckU="},"indexInfo":{"baseKey":"BYxfQ0mJRPMNBMMo1IqVRxLXlnl/9f2Rv+6m7CAzd3MH","baseKeyType":1,"closed":1741096795276,"used":1741096794616,"created":1741096794616,"remoteIdentityKey":"BRJUy44tSNo37hbQVHPKrYB0DEJbvSdOrRNoBoc9tu1p"},"_chains":{"BQhlfYONnegJB/SZZxrDNoSimF/GfgmEXJOZBnNtXLcF":{"chainKey":{"counter":-1,"key":"EelnmD8mwlVMWFa9Ay7YVLYmQLSn4/O8uSuDXac79Ds="},"chainType":1,"messageKeys":{}}},"pendingPreKey":{"signedKeyId":10146594,"baseKey":"BYxfQ0mJRPMNBMMo1IqVRxLXlnl/9f2Rv+6m7CAzd3MH","preKeyId":2076}},"BSZfsKzBVNFmr5PW4pCWBFCow2vrmM3xxn9z9owHvclf":{"registrationId":1251885803,"currentRatchet":{"ephemeralKeyPair":{"pubKey":"BSFDX09yyWQy/TlALQabmiDLrgwy8nzamisP3JQQIewS","privKey":"EA5PmEpjs8kv2+8SGVyzEIOP/dFvgV7PMIGmdNAnwlM="},"lastRemoteEphemeralKey":"BZJJnd6LLcSBl6rEm/F6mEAiexmSNV2ePLMyFBimYANN","previousCounter":0,"rootKey":"J1E4d2/okWFGZLd2F1PkwPqKUa+OhFRHZSAcrtLcUw8="},"indexInfo":{"baseKey":"BSZfsKzBVNFmr5PW4pCWBFCow2vrmM3xxn9z9owHvclf","baseKeyType":1,"closed":1741096795931,"used":1741096795273,"created":1741096795273,"remoteIdentityKey":"BRJUy44tSNo37hbQVHPKrYB0DEJbvSdOrRNoBoc9tu1p"},"_chains":{"BSFDX09yyWQy/TlALQabmiDLrgwy8nzamisP3JQQIewS":{"chainKey":{"counter":-1,"key":"1FIcI5Lbp4TaaHtJ3/V1Rg+yZ3LAd7YSsio+E0svWuY="},"chainType":1,"messageKeys":{}}},"pendingPreKey":{"signedKeyId":10146594,"baseKey":"BSZfsKzBVNFmr5PW4pCWBFCow2vrmM3xxn9z9owHvclf","preKeyId":2297}},"BYeNpn4GeDPnfxluz2tu+DpVXjnTNGX4h46dG6JxZA4A":{"registrationId":1251885803,"currentRatchet":{"ephemeralKeyPair":{"pubKey":"BRHTWmyceqt2oSy5NCkGHN9cBi/qY92qM9ZZoIQG/uoe","privKey":"8EhtvJjjHnlgkl6tL2xW+/Gw4yKyMueROtWiVBDVc1c="},"lastRemoteEphemeralKey":"BZJJnd6LLcSBl6rEm/F6mEAiexmSNV2ePLMyFBimYANN","previousCounter":0,"rootKey":"OHeRNxzsEAQG25Vll8fVhiU0eF9TFAcEEzkkn5vRf+M="},"indexInfo":{"baseKey":"BYeNpn4GeDPnfxluz2tu+DpVXjnTNGX4h46dG6JxZA4A","baseKeyType":1,"closed":1741096804247,"used":1741096795927,"created":1741096795927,"remoteIdentityKey":"BRJUy44tSNo37hbQVHPKrYB0DEJbvSdOrRNoBoc9tu1p"},"_chains":{"BRHTWmyceqt2oSy5NCkGHN9cBi/qY92qM9ZZoIQG/uoe":{"chainKey":{"counter":0,"key":"kDAUXQ+nXQq7a6KbY4PvD0pIc0nT/XIhs5pfCKAnltI="},"chainType":1,"messageKeys":{}}},"pendingPreKey":{"signedKeyId":10146594,"baseKey":"BYeNpn4GeDPnfxluz2tu+DpVXjnTNGX4h46dG6JxZA4A","preKeyId":1952}},"BUVHUl6E05JuL+j1CsG0e2mceYbuO3xSGpTnu4VSoppu":{"registrationId":1251885803,"currentRatchet":{"ephemeralKeyPair":{"pubKey":"BX/08lJ/3onK4tcWO6puW9RGMERW7wPzoDo0s/uxaENh","privKey":"+GfdIcDOSuQtfrZ3BVCPKobcyBjEdU1yyRRUd8fa3kM="},"lastRemoteEphemeralKey":"BZJJnd6LLcSBl6rEm/F6mEAiexmSNV2ePLMyFBimYANN","previousCounter":0,"rootKey":"Q9HCTUkD0IhwsKy7t5G0RprwqGcFpjqblbYYqsrMYG0="},"indexInfo":{"baseKey":"BUVHUl6E05JuL+j1CsG0e2mceYbuO3xSGpTnu4VSoppu","baseKeyType":1,"closed":1741096810769,"used":1741096804244,"created":1741096804244,"remoteIdentityKey":"BRJUy44tSNo37hbQVHPKrYB0DEJbvSdOrRNoBoc9tu1p"},"_chains":{"BX/08lJ/3onK4tcWO6puW9RGMERW7wPzoDo0s/uxaENh":{"chainKey":{"counter":0,"key":"5OUHPurDobgowF9bZuyQuakUA6ClPKVKvzvH8ee0kM8="},"chainType":1,"messageKeys":{}}},"pendingPreKey":{"signedKeyId":10146594,"baseKey":"BUVHUl6E05JuL+j1CsG0e2mceYbuO3xSGpTnu4VSoppu","preKeyId":1872}},"BfVhdyC3lV280H1xeBrEM64Pjd030//3vTDITLiNbmdq":{"registrationId":1251885803,"currentRatchet":{"ephemeralKeyPair":{"pubKey":"BUxBvUBbxWiQlMPrJyFbrBHxENyxPxXTt5Lra9o5dAJ7","privKey":"eBfWgmraDfyQppjqBmCDk4/y6NSLitRhF9caR4mU0mc="},"lastRemoteEphemeralKey":"BZJJnd6LLcSBl6rEm/F6mEAiexmSNV2ePLMyFBimYANN","previousCounter":0,"rootKey":"y7l3evRCjM7CE5ExHkmraFsgTdrCpjHQAEeIkbTwf1w="},"indexInfo":{"baseKey":"BfVhdyC3lV280H1xeBrEM64Pjd030//3vTDITLiNbmdq","baseKeyType":1,"closed":1741097362442,"used":1741096810767,"created":1741096810767,"remoteIdentityKey":"BRJUy44tSNo37hbQVHPKrYB0DEJbvSdOrRNoBoc9tu1p"},"_chains":{"BUxBvUBbxWiQlMPrJyFbrBHxENyxPxXTt5Lra9o5dAJ7":{"chainKey":{"counter":-1,"key":"lpxRnYNF3RK3KBZyI+MGD+Gzsaq+jpPTwXlj6C5iLZY="},"chainType":1,"messageKeys":{}}},"pendingPreKey":{"signedKeyId":10146594,"baseKey":"BfVhdyC3lV280H1xeBrEM64Pjd030//3vTDITLiNbmdq","preKeyId":2093}},"BaG82SOxkusfWpq2uRC5MUEK1bijCekd0uKGmHUtUPQ1":{"registrationId":1251885803,"currentRatchet":{"ephemeralKeyPair":{"pubKey":"Bfru616vWXgkMp2amT2mmtoyb/ODhoXZleav0q7kfLlW","privKey":"qFZ+q7I6aymGsN9ngYS2aVXPIgrktsLiPLxdryOBr1k="},"lastRemoteEphemeralKey":"BZJJnd6LLcSBl6rEm/F6mEAiexmSNV2ePLMyFBimYANN","previousCounter":0,"rootKey":"7ZyBft1KV1tYzviV9z2UCJaTZ3bB/TudeIllOVpcy+U="},"indexInfo":{"baseKey":"BaG82SOxkusfWpq2uRC5MUEK1bijCekd0uKGmHUtUPQ1","baseKeyType":1,"closed":1741097362709,"used":1741097362439,"created":1741097362439,"remoteIdentityKey":"BRJUy44tSNo37hbQVHPKrYB0DEJbvSdOrRNoBoc9tu1p"},"_chains":{"Bfru616vWXgkMp2amT2mmtoyb/ODhoXZleav0q7kfLlW":{"chainKey":{"counter":-1,"key":"HL3VNbr4LJJEkuAPFS0J5tirpaYq06QwlAgvjp3A9gE="},"chainType":1,"messageKeys":{}}},"pendingPreKey":{"signedKeyId":10146594,"baseKey":"BaG82SOxkusfWpq2uRC5MUEK1bijCekd0uKGmHUtUPQ1","preKeyId":2105}},"BRpYQ2b0bdcvnWcsskW2Tt7Q2HFULy+HjakGB0tjVV1y":{"registrationId":1251885803,"currentRatchet":{"ephemeralKeyPair":{"pubKey":"BWP9ugmyw97NcoXQcUrG2WEDi1/mKM7dfqeo6mwM82gF","privKey":"8IxXv2cOsIlCDrj0SlpGgtrRZR7HQMPSfjrlhtq2g1k="},"lastRemoteEphemeralKey":"BZJJnd6LLcSBl6rEm/F6mEAiexmSNV2ePLMyFBimYANN","previousCounter":0,"rootKey":"J0tZHTP1NFBn16nIskWD/2gT2jAAGEBSgF0ZX72nLZ8="},"indexInfo":{"baseKey":"BRpYQ2b0bdcvnWcsskW2Tt7Q2HFULy+HjakGB0tjVV1y","baseKeyType":1,"closed":1741097362963,"used":1741097362706,"created":1741097362706,"remoteIdentityKey":"BRJUy44tSNo37hbQVHPKrYB0DEJbvSdOrRNoBoc9tu1p"},"_chains":{"BWP9ugmyw97NcoXQcUrG2WEDi1/mKM7dfqeo6mwM82gF":{"chainKey":{"counter":-1,"key":"rQajMI+akL7rkhaGERBLbCmZ7HWJnD1dPTQZAMlZhEU="},"chainType":1,"messageKeys":{}}},"pendingPreKey":{"signedKeyId":10146594,"baseKey":"BRpYQ2b0bdcvnWcsskW2Tt7Q2HFULy+HjakGB0tjVV1y","preKeyId":1945}},"BVRGBQoab06Cnmmw+18kBPQRM+04MUXPlmL+kF1ri95q":{"registrationId":1251885803,"currentRatchet":{"ephemeralKeyPair":{"pubKey":"Bd3mNKxKuy6znrf6/UW1OOpPVFIULJ6wgYz1kFXmhWZF","privKey":"uHZmc35KPMsjGJhlza8sLN/DwXvc2SBN3dM29P/BOlg="},"lastRemoteEphemeralKey":"BZJJnd6LLcSBl6rEm/F6mEAiexmSNV2ePLMyFBimYANN","previousCounter":0,"rootKey":"oxXRgmdzKylP0ExKCQI6OsAMmeQHBDi6rlL06sZxMQk="},"indexInfo":{"baseKey":"BVRGBQoab06Cnmmw+18kBPQRM+04MUXPlmL+kF1ri95q","baseKeyType":1,"closed":1741097363222,"used":1741097362960,"created":1741097362960,"remoteIdentityKey":"BRJUy44tSNo37hbQVHPKrYB0DEJbvSdOrRNoBoc9tu1p"},"_chains":{"Bd3mNKxKuy6znrf6/UW1OOpPVFIULJ6wgYz1kFXmhWZF":{"chainKey":{"counter":-1,"key":"YPLr3+iuZC1/TTMxyFsFTAWmtW6yZ4GPCPXew8p6BY4="},"chainType":1,"messageKeys":{}}},"pendingPreKey":{"signedKeyId":10146594,"baseKey":"BVRGBQoab06Cnmmw+18kBPQRM+04MUXPlmL+kF1ri95q","preKeyId":1934}},"BenTeZUK0LojxjKs+XsB9noyuXwLCWnKpigyk/8Q+shc":{"registrationId":1251885803,"currentRatchet":{"ephemeralKeyPair":{"pubKey":"BfmTIvO2t7t5cNzQNMhLdgbTsOmJF++thbYypKxHYh8C","privKey":"AOYep3r4ou01f92JokG1HHVpUtF1fB6SG42WfQXyoWA="},"lastRemoteEphemeralKey":"BZJJnd6LLcSBl6rEm/F6mEAiexmSNV2ePLMyFBimYANN","previousCounter":0,"rootKey":"0iZw2KeN4Rt3vUisKDdrSZmT/ZRjWbmR8iksUayP1p0="},"indexInfo":{"baseKey":"BenTeZUK0LojxjKs+XsB9noyuXwLCWnKpigyk/8Q+shc","baseKeyType":1,"closed":1741097363484,"used":1741097363219,"created":1741097363219,"remoteIdentityKey":"BRJUy44tSNo37hbQVHPKrYB0DEJbvSdOrRNoBoc9tu1p"},"_chains":{"BfmTIvO2t7t5cNzQNMhLdgbTsOmJF++thbYypKxHYh8C":{"chainKey":{"counter":-1,"key":"AmcV/4Q+tUb7Uqx348bDvq4ONEvBII5PFZWy5oDqviA="},"chainType":1,"messageKeys":{}}},"pendingPreKey":{"signedKeyId":10146594,"baseKey":"BenTeZUK0LojxjKs+XsB9noyuXwLCWnKpigyk/8Q+shc","preKeyId":1951}},"Bef7Ljw+ZmxGM5JZji0vTwmftzzTwfJA9bqlq5lKCrpu":{"registrationId":1251885803,"currentRatchet":{"ephemeralKeyPair":{"pubKey":"BWE0FAkwEsoiJvW2M4w/y41HoXRBd6SPIxikOUOgkUZS","privKey":"ED7QsjjmefJvjDZ79vRUbTwpmrsDu4KxYcfaLB2wvWM="},"lastRemoteEphemeralKey":"BZJJnd6LLcSBl6rEm/F6mEAiexmSNV2ePLMyFBimYANN","previousCounter":0,"rootKey":"SfgeoMaftQLgMi9GytqAg/ogLj3qvJqr0ataVAaveIQ="},"indexInfo":{"baseKey":"Bef7Ljw+ZmxGM5JZji0vTwmftzzTwfJA9bqlq5lKCrpu","baseKeyType":1,"closed":-1,"used":1741097363481,"created":1741097363481,"remoteIdentityKey":"BRJUy44tSNo37hbQVHPKrYB0DEJbvSdOrRNoBoc9tu1p"},"_chains":{"BWE0FAkwEsoiJvW2M4w/y41HoXRBd6SPIxikOUOgkUZS":{"chainKey":{"counter":-1,"key":"k4K5ybLfQ/s+hGXVwlfsKdj6xEva8vlzdM7qDUQ4IEk="},"chainType":1,"messageKeys":{}}},"pendingPreKey":{"signedKeyId":10146594,"baseKey":"Bef7Ljw+ZmxGM5JZji0vTwmftzzTwfJA9bqlq5lKCrpu","preKeyId":2166}}},"version":"v1"}