{"_sessions":{"BZZMTpehczC7MrbsVv7giaRwqQ04rktD5ytN+w5CbRV9":{"registrationId":1463288067,"currentRatchet":{"ephemeralKeyPair":{"pubKey":"BVRlDsTyIosiZsA9z7SnbBPVmnF/njMvn2I9BvkZhBUV","privKey":"eHKFda7KQ7kRuKi/yCv6dV7kuFt0dgne3/M/bHPbvl4="},"lastRemoteEphemeralKey":"BQ9XOoULAiB52RilcbtXdcum/YDdJ9/uQYkw419D3v5A","previousCounter":0,"rootKey":"SXmRSqsIboKxqco9PLZgdRDD1tkPoiunBQ8eUga5O9Y="},"indexInfo":{"baseKey":"BZZMTpehczC7MrbsVv7giaRwqQ04rktD5ytN+w5CbRV9","baseKeyType":2,"closed":-1,"used":1741095375074,"created":1741095375074,"remoteIdentityKey":"BSekkiuB31cNcAjgM+3sIRzY7M3mHoNQ0ZesDRfG5yUk"},"_chains":{"BQ9XOoULAiB52RilcbtXdcum/YDdJ9/uQYkw419D3v5A":{"chainKey":{"counter":0,"key":"qpgf8vPcmN1VFKtCOQCgXVjI+z4Wet5GbPaArWfVVlM="},"chainType":2,"messageKeys":{}},"BVRlDsTyIosiZsA9z7SnbBPVmnF/njMvn2I9BvkZhBUV":{"chainKey":{"counter":-1,"key":"2YU9rusUvOVu6jGtJe3/Z85Y7u1eBiPZ8arrveIsugQ="},"chainType":1,"messageKeys":{}}}}},"version":"v1"}