{"_sessions":{"BfnR0mUYtUiGPrrtzGQ+Bjmoce2qMeIFYPQ+K1xGW6gC":{"registrationId":1805782348,"currentRatchet":{"ephemeralKeyPair":{"pubKey":"BXFqHXzotw3g3Du6mkqaMGK7zLa+SuYzngB+0Omt8dcc","privKey":"0J3/cQ/vBEZyCfIVIVzsC0ZuqKSYdhd6zm5RZxjJqG0="},"lastRemoteEphemeralKey":"BXEThiV0apZT8R8jge4EkQGtqerE/TeWg5d4m2by/DtV","previousCounter":0,"rootKey":"7ORrNphN5au3T92MO86FznkH8avjxW1iGwkQoj5Hkp8="},"indexInfo":{"baseKey":"BfnR0mUYtUiGPrrtzGQ+Bjmoce2qMeIFYPQ+K1xGW6gC","baseKeyType":2,"closed":-1,"used":1741095375231,"created":1741095375231,"remoteIdentityKey":"BZ1G0bopo/dfQMBzHj6JghgtDYDodAz/PmT4tQy8DrIe"},"_chains":{"BXEThiV0apZT8R8jge4EkQGtqerE/TeWg5d4m2by/DtV":{"chainKey":{"counter":0,"key":"AYT/t5wu3QSltFFZ4hwonQE+Xf/iA9b32KalRnYbd4M="},"chainType":2,"messageKeys":{}},"BXFqHXzotw3g3Du6mkqaMGK7zLa+SuYzngB+0Omt8dcc":{"chainKey":{"counter":-1,"key":"v8C192NjXFW9dD6Z1z8dIUz6GxcBOlAeLThLBYPVVPY="},"chainType":1,"messageKeys":{}}}}},"version":"v1"}