{"_sessions":{"BerT1MJL+vweWB2UJ5VUQ4KOp+lGApZSt5nKYJSBbjN9":{"registrationId":1561772634,"currentRatchet":{"ephemeralKeyPair":{"pubKey":"BUWkOmOHCs/oJV3fh++V73LQQjZxN6/uTaITTmL1J/AD","privKey":"2E7WnWhmya/7XLGHVABN+229/txJQod6gS1EYhkki1s="},"lastRemoteEphemeralKey":"BXJrjGd/ln9OmvyEBK9RGrYg4FEHcL19AMrc8PHlSxNG","previousCounter":0,"rootKey":"goN2Y3d9U8ZMcXtvWa/3LLasFYIP7Q9ipu74N9Fb6P8="},"indexInfo":{"baseKey":"BerT1MJL+vweWB2UJ5VUQ4KOp+lGApZSt5nKYJSBbjN9","baseKeyType":1,"closed":-1,"used":1741096689521,"created":1741096689521,"remoteIdentityKey":"BejxlYFftFiDF40w/f1FY7G2hh4WFOBa3k3oratmYBd5"},"_chains":{"BUWkOmOHCs/oJV3fh++V73LQQjZxN6/uTaITTmL1J/AD":{"chainKey":{"counter":2,"key":"2FQTHhcIhxewEyHTvuqrgmL94JFkDTS5oBHUTO6dNyE="},"chainType":1,"messageKeys":{}}},"pendingPreKey":{"signedKeyId":26,"baseKey":"BerT1MJL+vweWB2UJ5VUQ4KOp+lGApZSt5nKYJSBbjN9","preKeyId":9980620}}},"version":"v1"}