{"_sessions":{"BSG003MzcmVU3gVUJ9uCrDTlUJMmmb0oodQXf+sHHVBq":{"registrationId":1876732413,"currentRatchet":{"ephemeralKeyPair":{"pubKey":"BaxK7+eFFMuSBAXKj3MBHzdXj3+dZse6bR72rNBj/YQJ","privKey":"aHWf+fGi5QokjRyV9wTplFBlwPI6qCsTKlu9nb22Anw="},"lastRemoteEphemeralKey":"BQ3vk1mI0liyRjmUOXmQkbQaSmaLg3+NfQW8F/tfkIQ8","previousCounter":0,"rootKey":"uJ1N4vmXAscCw3QMU2KtDRxkWckd2qkvUcjxfmY3XIE="},"indexInfo":{"baseKey":"BSG003MzcmVU3gVUJ9uCrDTlUJMmmb0oodQXf+sHHVBq","baseKeyType":2,"closed":-1,"used":1741095375146,"created":1741095375146,"remoteIdentityKey":"BUJStzxnKeHjFOV6IyTE/AyWVVw5GfP+jHTcr8om22pL"},"_chains":{"BQ3vk1mI0liyRjmUOXmQkbQaSmaLg3+NfQW8F/tfkIQ8":{"chainKey":{"counter":0,"key":"SatpBLMj6xKW3RxYGEFVwz7wf4R7qxgu7eHtY2JYCyc="},"chainType":2,"messageKeys":{}},"BaxK7+eFFMuSBAXKj3MBHzdXj3+dZse6bR72rNBj/YQJ":{"chainKey":{"counter":2,"key":"MgsRDbGMTPYFDH/h//7jVIFBLc+WBtOx0czI/l2tFqI="},"chainType":1,"messageKeys":{}}}}},"version":"v1"}