{"_sessions":{"BRjEJm9CPD35u/aVFaiK9WSz3Co9i57AmrCgkYJTCy5c":{"registrationId":2067480940,"currentRatchet":{"ephemeralKeyPair":{"pubKey":"BW+bJIVYg29EudstYeRfmPpnF8pPPbllw/uTm3M4QhJF","privKey":"MK7U0IYt7n2cHJCE3O85HE0nat9v035xZd4+F9Woh3I="},"lastRemoteEphemeralKey":"BWbn10aiP6HOPMjK6sYBktvfCIc9pt06p7G7/iE+qEti","previousCounter":0,"rootKey":"eR7cn2kUa9OLwnaVR5Kd3Wg15icfoWBAUQ9ed6yTLQ4="},"indexInfo":{"baseKey":"BRjEJm9CPD35u/aVFaiK9WSz3Co9i57AmrCgkYJTCy5c","baseKeyType":2,"closed":-1,"used":1741095375853,"created":1741095375853,"remoteIdentityKey":"Bc3maL+1b72SRVmxxvYfKx6T/WAudEMz883L6bBoY05/"},"_chains":{"BWbn10aiP6HOPMjK6sYBktvfCIc9pt06p7G7/iE+qEti":{"chainKey":{"counter":0,"key":"0Fdv1EqXiDYfrbQypMnSf8Yq8sLkaFdZVW2SFY7/j4Q="},"chainType":2,"messageKeys":{}},"BW+bJIVYg29EudstYeRfmPpnF8pPPbllw/uTm3M4QhJF":{"chainKey":{"counter":-1,"key":"3p1h7Xu2qcHJQoqBXE8s5S+On4zDE1SA2zi+jSxVYpA="},"chainType":1,"messageKeys":{}}}}},"version":"v1"}