{"_sessions":{"BTjOeFRSzyBQVcO2yyl/69uE2GuhRscNBRZW3YRDijl0":{"registrationId":1930176562,"currentRatchet":{"ephemeralKeyPair":{"pubKey":"BUGhcGlX+k74/bdFyJMvrre6ulcrKiDFumYlhHQqKpwX","privKey":"yKVn7PYF+WTLCYY+28+iRgNlwRgh3flM1JmedsxedWE="},"lastRemoteEphemeralKey":"BcJbAe+eEJAUQxDpyD68ol3aXiJHaXMFD5iU2AiBY+Jd","previousCounter":0,"rootKey":"zoL4h8DQzUtFUI7+5hOXBolLjzQtvYpqWqoYEzTYgy0="},"indexInfo":{"baseKey":"BTjOeFRSzyBQVcO2yyl/69uE2GuhRscNBRZW3YRDijl0","baseKeyType":2,"closed":-1,"used":1741097362034,"created":1741097362034,"remoteIdentityKey":"BTCWwREYk4yOgaJOcNBkj2nwyOxVIq0HzMewMGElEpwn"},"_chains":{"BcJbAe+eEJAUQxDpyD68ol3aXiJHaXMFD5iU2AiBY+Jd":{"chainKey":{"counter":1,"key":"AmdOHrTdUJSNIIsFowVlMEmGDYR/9Wu9aO1MruirEOo="},"chainType":2,"messageKeys":{}},"BUGhcGlX+k74/bdFyJMvrre6ulcrKiDFumYlhHQqKpwX":{"chainKey":{"counter":-1,"key":"QEt4HO7n2qQzl+lSSzpRSllLHFE/LA1STXny/vfszVc="},"chainType":1,"messageKeys":{}}}}},"version":"v1"}