{"_sessions":{"BSqApoMTUaqgFJvtCP9dTTFq1+R8M8jfWv3TQQlav41N":{"registrationId":898975984,"currentRatchet":{"ephemeralKeyPair":{"pubKey":"BYEjCxvXwJuVz2HHI24JvJdhfjgPvBTFi+M25JU9Yrgv","privKey":"4FClcgHbtnPml1c9sxZ57dS8y6BWmn+viUnpZbX36Ew="},"lastRemoteEphemeralKey":"BVoYELGVHGM1UcF/jC9HO1Z75AMOCTiFtPeI2mYdS0dU","previousCounter":0,"rootKey":"Ma/IXL4MZy8MqK5xK/unGAAMq0GKGsRiKET/RbLOWXY="},"indexInfo":{"baseKey":"BSqApoMTUaqgFJvtCP9dTTFq1+R8M8jfWv3TQQlav41N","baseKeyType":1,"closed":-1,"used":1741096689511,"created":1741096689511,"remoteIdentityKey":"BfDN2e7tpEqKsc6f8uzfKx6NJ2EFX3eINyWtlekWi1R4"},"_chains":{"BYEjCxvXwJuVz2HHI24JvJdhfjgPvBTFi+M25JU9Yrgv":{"chainKey":{"counter":2,"key":"JwGn46nlB3x8Ddh54TyTs4I+/DpzKPsNFv3nGOsSFrA="},"chainType":1,"messageKeys":{}}},"pendingPreKey":{"signedKeyId":1,"baseKey":"BSqApoMTUaqgFJvtCP9dTTFq1+R8M8jfWv3TQQlav41N","preKeyId":801}}},"version":"v1"}