{"_sessions":{"BSFrCvKdBl995BWEQxG3h3qFkdqveWsuDOX5RS999e8S":{"registrationId":1512341766,"currentRatchet":{"ephemeralKeyPair":{"pubKey":"BS9TJOymuIT7EIz3zcDXvjFTNUCUlxfJRqReCJ+syLFm","privKey":"IGlp/eaEUj0dxme3PKuDdltAm67dUlXvYaMXGNx441I="},"lastRemoteEphemeralKey":"BZvvAzxKvP67hAvuOu5vpQbsWTmTLVHLpZr8LaPEQb1c","previousCounter":0,"rootKey":"1l7sigfjE8JroMvrK+JOl7Pi83f7+byBRY4Loy7dZes="},"indexInfo":{"baseKey":"BSFrCvKdBl995BWEQxG3h3qFkdqveWsuDOX5RS999e8S","baseKeyType":2,"closed":-1,"used":1741095375260,"created":1741095375260,"remoteIdentityKey":"BRmU5YeAtNlfVDhfpfpn3lu3ZdQUb5GtN8AV52qTVjtP"},"_chains":{"BZvvAzxKvP67hAvuOu5vpQbsWTmTLVHLpZr8LaPEQb1c":{"chainKey":{"counter":0,"key":"MYEra9BjAq64StokwyZ534mZwtEGVqnj+UPGl2ZiXZU="},"chainType":2,"messageKeys":{}},"BS9TJOymuIT7EIz3zcDXvjFTNUCUlxfJRqReCJ+syLFm":{"chainKey":{"counter":-1,"key":"dhuzmvTnWEbYg0GRdA6OHyZzh9digrD0Hpt4SJsVSok="},"chainType":1,"messageKeys":{}}}}},"version":"v1"}