{"_sessions":{"BTX3itpaBtHbpshqC8tJj0JAdXwJ2FbHT7g2JpUP7tk5":{"registrationId":936815738,"currentRatchet":{"ephemeralKeyPair":{"pubKey":"BTSX6OwUi+Tk16/BI2nAUcR4WrOdD8msFIATRWfkyddn","privKey":"mBEmaz4wDHmgvdHxTichvCnv1cLTaqtDTLmorQI3+2I="},"lastRemoteEphemeralKey":"Bc7ZkBodwIUF7x6ccBNoftrmL+92QLTmJxP2vbp6wfxn","previousCounter":0,"rootKey":"9ieltOcVZqW7SPClK0N1Ms/30OyFtLznFYji2gKPBIo="},"indexInfo":{"baseKey":"BTX3itpaBtHbpshqC8tJj0JAdXwJ2FbHT7g2JpUP7tk5","baseKeyType":1,"closed":-1,"used":1741096689548,"created":1741096689548,"remoteIdentityKey":"Bd2j21klIEW37jjIprVGGH0qzIRLIE/1IXYred4HWB4x"},"_chains":{"BTSX6OwUi+Tk16/BI2nAUcR4WrOdD8msFIATRWfkyddn":{"chainKey":{"counter":2,"key":"7eqWQ8tabeZvrac/wERAUvpXLV5amKjGwQJJirDzkdU="},"chainType":1,"messageKeys":{}}},"pendingPreKey":{"signedKeyId":1,"baseKey":"BTX3itpaBtHbpshqC8tJj0JAdXwJ2FbHT7g2JpUP7tk5","preKeyId":11506940}}},"version":"v1"}