{"_sessions":{"BcdhKdDwzLxqqaxumnlkdhCxsKymQSN6aftxxHtUTq4V":{"registrationId":216042080,"currentRatchet":{"ephemeralKeyPair":{"pubKey":"BV81Of1Yjk4uUvtOXQqfYz7MkyUWYyN174Fy/j+w02EY","privKey":"cD0a2TlrPTQeIDulCoLjYEPq8ge5e4n8KFsQb1W+tGE="},"lastRemoteEphemeralKey":"BS8Mu37BFI2EV3Ry2LrWH7EEm60GsYRx4iZpxFI5Nnot","previousCounter":2,"rootKey":"DH5nZMub6v3ps8P2un+Qtht2i3Gw/4Tt59du4iWAHy0="},"indexInfo":{"baseKey":"BcdhKdDwzLxqqaxumnlkdhCxsKymQSN6aftxxHtUTq4V","baseKeyType":2,"closed":-1,"used":1741097361285,"created":1741095375033,"remoteIdentityKey":"BdxGdOtq2hjj1s34+yiGBlDnUQrxNyIZHLpwRmq9LjUi"},"_chains":{"BSTsFShJvDZvFeOaQEHVPGXTe5cYZmja/rTTX6O7djYK":{"chainKey":{"counter":0},"chainType":2,"messageKeys":{}},"BS8Mu37BFI2EV3Ry2LrWH7EEm60GsYRx4iZpxFI5Nnot":{"chainKey":{"counter":0,"key":"vSnh4YBCERUuO4AmSuJMd0IxBjpMQpqt1jgLkmE5cPI="},"chainType":2,"messageKeys":{}},"BV81Of1Yjk4uUvtOXQqfYz7MkyUWYyN174Fy/j+w02EY":{"chainKey":{"counter":-1,"key":"M0ux5IIIFGt69ssu/yKogGqUNxhEx8xxT+eVXzYacrc="},"chainType":1,"messageKeys":{}}}}},"version":"v1"}