{"_sessions":{"BaZLM3BFYu+DSLCS5/8btj9eqs8YTHzf8bBUEQAaUH9d":{"registrationId":1005058295,"currentRatchet":{"ephemeralKeyPair":{"pubKey":"BSFuCly1VItOLipKtjmpBH0d7kZPFEZdDBYPweKyaHt5","privKey":"MD6K5QPYFyo27uSQw64tgJgMfTkwExJZ5f/fP6kGB0I="},"lastRemoteEphemeralKey":"BQdGzOSOsEU15R15SPOVgBz3j4qKtsBSw6GPKxMzLssW","previousCounter":16,"rootKey":"DOyBERaIqT8Aq6PpVpDE++Bkg7fjNmZRWHjZUwCIv3Y="},"indexInfo":{"baseKey":"BaZLM3BFYu+DSLCS5/8btj9eqs8YTHzf8bBUEQAaUH9d","baseKeyType":2,"closed":-1,"used":1741102499532,"created":1741082145097,"remoteIdentityKey":"BT6XfLiVCVk14SQTZW4Fc60cFPwLNSMlnz5jq+MhNzJh"},"_chains":{"BX/BA0tMeVY2tD4WIsEI18w4gqiuzpqfNgCT6BOTYD0W":{"chainKey":{"counter":7},"chainType":2,"messageKeys":{}},"BYXHwkbNp252ozapWtHL5I33qpf9uMw6tGelPbJKNYIZ":{"chainKey":{"counter":1},"chainType":2,"messageKeys":{}},"Be17S0qSjjrDfPvdWRwhoHHxMSuYEVTMp+RGCu8wFd5+":{"chainKey":{"counter":2},"chainType":2,"messageKeys":{}},"Bav3n5Zw9iK4Z6rUTBkWiqFFb3z9U7NIObFaqjN0wGIZ":{"chainKey":{"counter":1},"chainType":2,"messageKeys":{}},"BRJaQtEckILbbXX7fGj+2ZzR5BJCGlW4m2MTtaHft7xR":{"chainKey":{"counter":2},"chainType":2,"messageKeys":{}},"BfT2cK93nsYmni2ZDdZqWdkXczqvA1sw2GCryPIgzat5":{"chainKey":{"counter":2},"chainType":2,"messageKeys":{}},"BTHIApLtr1nxL56jSAV3rPLPLaTyXwlKQqhSoqkECiAt":{"chainKey":{"counter":0},"chainType":2,"messageKeys":{}},"BZ8Pju1msM9Hb4b6KR7LfyaNmz2tTb6tyU9pzcKLdvtl":{"chainKey":{"counter":0},"chainType":2,"messageKeys":{}},"BXIwYS7NDwJLG75qs+FdJC9Q1IWss+u0Jr32Hw1Hqrwg":{"chainKey":{"counter":0},"chainType":2,"messageKeys":{}},"BVpzu6Vui8ulDNRnrYCdeWskDL6gP3XduuYNG11hpGQn":{"chainKey":{"counter":0},"chainType":2,"messageKeys":{}},"Bar0l2hYo1QyUnB4YFpOFMfjgdhdYelMLYZ6OGfQhNcq":{"chainKey":{"counter":0},"chainType":2,"messageKeys":{}},"Bf9WirEDeV7S7LgT/09ycd/5rQTooUB3ycqOZHAiDXok":{"chainKey":{"counter":6},"chainType":2,"messageKeys":{}},"BVoBRd2zTsGRxN0n794seZGQPrg16iUJEXPMiP2CE+8K":{"chainKey":{"counter":10},"chainType":2,"messageKeys":{}},"BZ01Y+mRg4VUiEqAS9i8HAHfQ3iLyxH2P58KwlWE6785":{"chainKey":{"counter":4},"chainType":2,"messageKeys":{}},"BXnnOfjWDyU53LimVP7p0DnIMkLA9jVg0/AfvhEorN1/":{"chainKey":{"counter":2},"chainType":2,"messageKeys":{}},"BTs3ubdSJevtNRKTtCMiY5Dc7NGkMeJM5Cn1ctrpMycF":{"chainKey":{"counter":2},"chainType":2,"messageKeys":{}},"BZ/7RQYTrg3fx5bR0G5rD1CksQrtpJRGXn720++0E4Fq":{"chainKey":{"counter":0},"chainType":2,"messageKeys":{}},"BWioRNuYs143c8Hbn8PkPT0cqW0ALaKv0c+0uZwfu8dz":{"chainKey":{"counter":0},"chainType":2,"messageKeys":{}},"BU600gZEOFRO87+xhU0qf4jnxgIYeNDUfASISdvPKMlH":{"chainKey":{"counter":0},"chainType":2,"messageKeys":{}},"BbPlk/rtqOj9UE+NlGG5jSzP6a7KsGMiObRYcxT2Rt9K":{"chainKey":{"counter":5},"chainType":2,"messageKeys":{}},"BbRxF4bL20qsm68gZpJ///0+GH2hgsOhc/0nxosmpOpY":{"chainKey":{"counter":0},"chainType":2,"messageKeys":{}},"BVyFG1AVwQRghP8hrYqLqa7hT9BV09d3oEbiaEUzdoNr":{"chainKey":{"counter":0},"chainType":2,"messageKeys":{}},"BcX6RJ1pDKsT8AGQt/idGw9HP26At3PuNkHxh7GcRY0q":{"chainKey":{"counter":1},"chainType":2,"messageKeys":{}},"BUoa+MnpGpyDaFNhchv6Augbld6oX+v5+4E6POg6GNxr":{"chainKey":{"counter":0},"chainType":2,"messageKeys":{}},"BS1iYDh15af5UXRuo+9KG3dpou1Bequfs4/ThN4GmDJs":{"chainKey":{"counter":9},"chainType":2,"messageKeys":{}},"BUWXijteumSja1v+1a935e82w5dsfnz9Q8ECNy4c7xlR":{"chainKey":{"counter":10},"chainType":2,"messageKeys":{}},"BWOk6sLSlMCHNRZg9tPAFmskbhOe22JwF2DOolJAyCU5":{"chainKey":{"counter":1},"chainType":2,"messageKeys":{}},"BftO3CrtVD0/Di6MIf8Eew6e7XrlVk4b/xd1ywQu1qof":{"chainKey":{"counter":0},"chainType":2,"messageKeys":{}},"BURWNjZikn311ob5RSvwgMgN4S0gfAMp+Iwv3aHTwmpB":{"chainKey":{"counter":0},"chainType":2,"messageKeys":{}},"BXu/9rKicdsKgpyxoZ0JsRHW00xg6hVig5yAu+4FMAtm":{"chainKey":{"counter":5},"chainType":2,"messageKeys":{}},"BV2md+wRSgNCXTQoBjNCB5DKy0DKnfXvEGrAsDSASRUo":{"chainKey":{"counter":1},"chainType":2,"messageKeys":{}},"BR4kCRhvlWNR+P26nlrczFtnkip50DXxFFDkIr6zuKkr":{"chainKey":{"counter":1},"chainType":2,"messageKeys":{}},"BUfMPTOEV11e8ur9fBrOHuNGjapXg4W4kYNSlJX4ZUE5":{"chainKey":{"counter":2},"chainType":2,"messageKeys":{}},"BVoiP6cmPg83CVi9OI2Utm3J9O3bW8j2BxmRPHId4sIN":{"chainKey":{"counter":0},"chainType":2,"messageKeys":{}},"BX14HAa077W9aX/L/dQIpej2DZWF3j0jpeBLRp2VTUU2":{"chainKey":{"counter":3},"chainType":2,"messageKeys":{}},"BYDJJjoERbM3qt2NvB0kJbccaWjk5pIgAUQroSaXqo4j":{"chainKey":{"counter":0},"chainType":2,"messageKeys":{}},"BV7W1lGObCJizTGdQCytO8EHr7iHTZkzeGXplIrE4LMm":{"chainKey":{"counter":1},"chainType":2,"messageKeys":{}},"BYNJcHlRJQlr/+lhZrk499A9qdgS6D/ru+VsVwTFrn4e":{"chainKey":{"counter":1},"chainType":2,"messageKeys":{}},"Bax4SPCyblhzqGYJyO1LcM3/2NzUmMGFqsiJ+5vwWdtA":{"chainKey":{"counter":0},"chainType":2,"messageKeys":{}},"Bbnf4ghMQXUKwc/uDDlS8xNKlGxdAE2OdPmW5VvBKqMl":{"chainKey":{"counter":0},"chainType":2,"messageKeys":{}},"BWri2u7Nwfhb8NgfkPqXf6kV0JCwDMf4xQOaHbHHIlhU":{"chainKey":{"counter":4},"chainType":2,"messageKeys":{"0":"ziaSaOrJoCItdPcXgmroL+Lfx0WrQt237wnejjh4tGQ="}},"BXkk3eW51iL5vQMdWEw9/80GsKwMbuPDepZGzDNYsol0":{"chainKey":{"counter":2},"chainType":2,"messageKeys":{}},"BdnY5Eo5/1UmvAxZ5vpfiWngxKnHS8weV23L5h6E5asc":{"chainKey":{"counter":7},"chainType":2,"messageKeys":{}},"BWcYFMuMOPPiexaW+cFS4jZ9wtWzeixrdzjpBcmDy4F6":{"chainKey":{"counter":10},"chainType":2,"messageKeys":{}},"BQdGzOSOsEU15R15SPOVgBz3j4qKtsBSw6GPKxMzLssW":{"chainKey":{"counter":1,"key":"WMpeRgNjVGocRKlTkGLxfewSxHlQg+UCrgZ9v59LeGU="},"chainType":2,"messageKeys":{}},"BSFuCly1VItOLipKtjmpBH0d7kZPFEZdDBYPweKyaHt5":{"chainKey":{"counter":17,"key":"Yp7Qq+X5qqF7t7YVMRgDcueTLHJuEBMGgUkLUQPKxOc="},"chainType":1,"messageKeys":{}}}}},"version":"v1"}