{"_sessions":{"BR94C+Q0whC8IVfUN2XBjhbc+62zqQOTh+UMvldJ8eAP":{"registrationId":1718756585,"currentRatchet":{"ephemeralKeyPair":{"pubKey":"BafoJIb5Kpimuyk/aTWDy8MzGcHUCmBuY3Jxn8wB4NMb","privKey":"IOaQZQBZ43dBCYaB97caEmLe7SYCLTYT2NpaSLsVt0k="},"lastRemoteEphemeralKey":"BS/r7UzDPfmCjjqskPs0Lso3TLgkEPlHH6phvw6pqk8Y","previousCounter":0,"rootKey":"xH2WRr67mznVlG/K8msPi2rxrnNKKfPbRhZajvfoLiY="},"indexInfo":{"baseKey":"BR94C+Q0whC8IVfUN2XBjhbc+62zqQOTh+UMvldJ8eAP","baseKeyType":2,"closed":-1,"used":1741101846791,"created":1741101846791,"remoteIdentityKey":"BX2mCbpgtr8n4a4hEIlc2KtE6nnWHL8gN5uVYwjV4K0n"},"_chains":{"BS/r7UzDPfmCjjqskPs0Lso3TLgkEPlHH6phvw6pqk8Y":{"chainKey":{"counter":4,"key":"+EJnobXT/avHQzns8EgnzYRYgAX9ct7QTkEvzzMwiJ4="},"chainType":2,"messageKeys":{}},"BafoJIb5Kpimuyk/aTWDy8MzGcHUCmBuY3Jxn8wB4NMb":{"chainKey":{"counter":-1,"key":"kohgmZCWrkriL91sEXVgI/n7jSgsyqwoyYBPejqcKBw="},"chainType":1,"messageKeys":{}}}}},"version":"v1"}