{"_sessions":{"Bbj51MQh+B5hVyVKnWHaUAdrRM46K0PLKvR2ARxlCiB6":{"registrationId":896507846,"currentRatchet":{"ephemeralKeyPair":{"pubKey":"Bbezmlg03qwadYTvqEzLryREa2SOni/7Vtx0iZ23yKNq","privKey":"QKewlO05uPy38lI7r5deO9+FOlV7rmlKftXF8tcHFXw="},"lastRemoteEphemeralKey":"BX7PXxhrvHMkABMWwgDIisxw7F+JN2VUyWPEQSE/0Z13","previousCounter":0,"rootKey":"K5JvTaTtemFJd114DLPfJthxEoV92yWLVXTE5zJqb3o="},"indexInfo":{"baseKey":"Bbj51MQh+B5hVyVKnWHaUAdrRM46K0PLKvR2ARxlCiB6","baseKeyType":1,"closed":-1,"used":1741101891240,"created":1741101891240,"remoteIdentityKey":"BRAsj7EJd8iHle82USJjm21adevRILb1VNEqHhka8Dxg"},"_chains":{"Bbezmlg03qwadYTvqEzLryREa2SOni/7Vtx0iZ23yKNq":{"chainKey":{"counter":1,"key":"vxv7AdSN8rptMog6pzY1jKLvzcoMMxQAV/pWE2En45o="},"chainType":1,"messageKeys":{}}},"pendingPreKey":{"signedKeyId":9979439,"baseKey":"Bbj51MQh+B5hVyVKnWHaUAdrRM46K0PLKvR2ARxlCiB6","preKeyId":1686}}},"version":"v1"}