{"_sessions":{"BRxO9v5LsmK67K4+gXbShq92diLJNxtagvyQqOXNl358":{"registrationId":752641204,"currentRatchet":{"ephemeralKeyPair":{"pubKey":"BRM7LKpZEAoKIG2NtqQ6YaX+58IZuidWpY2Dwc3tNbgt","privKey":"0M8eoahAwIofYEQWmSp0kC4YE01u1z2kzjq62i8H7Eg="},"lastRemoteEphemeralKey":"BUF/S1c/e8cyEz3Y+xlCvORLJQRcprQAADO+NibWi95I","previousCounter":0,"rootKey":"QesSc45L9rl457ISgt2r6/mE/D9bIXV3CJ6l7uvqQDE="},"indexInfo":{"baseKey":"BRxO9v5LsmK67K4+gXbShq92diLJNxtagvyQqOXNl358","baseKeyType":2,"closed":-1,"used":1741097583108,"created":1741097583108,"remoteIdentityKey":"BYsoLD81aPinnWWjUhwQhCSI+UPOel9hyYecv9gWG1VO"},"_chains":{"BUF/S1c/e8cyEz3Y+xlCvORLJQRcprQAADO+NibWi95I":{"chainKey":{"counter":1,"key":"SAgWeIJhTrFf+3IIGpMVMOlXSYB1pvH1RIsuJJMB//U="},"chainType":2,"messageKeys":{}},"BRM7LKpZEAoKIG2NtqQ6YaX+58IZuidWpY2Dwc3tNbgt":{"chainKey":{"counter":-1,"key":"mh1oaDkdlyMZ6XUP0v+PSzpr134SFWOQHd2V6GInP2I="},"chainType":1,"messageKeys":{}}}}},"version":"v1"}