{"_sessions":{"BcQfqFgBmuLCDpKxOrpHxVs0CyOKX2HzFZwcoHRUTRss":{"registrationId":1123689603,"currentRatchet":{"ephemeralKeyPair":{"pubKey":"BaaF7Hs1siGGWLKYGNNB4yQUlr4Pon4kh0NHmW9mlxoN","privKey":"AKZXs92cH2WoxHZPz24f6OmNxYi4ewpHAlbWugQ/5HI="},"lastRemoteEphemeralKey":"BTJ9SBhwU7duk17yJ1PAUbYYjxvd4pUfsAFw6MLkPxdB","previousCounter":0,"rootKey":"mnlxxer27N6J+4z8+UGs26tQs6f+YEnEG5lkTq2k9s0="},"indexInfo":{"baseKey":"BcQfqFgBmuLCDpKxOrpHxVs0CyOKX2HzFZwcoHRUTRss","baseKeyType":1,"closed":-1,"used":1741096256816,"created":1741096256816,"remoteIdentityKey":"BaDD7SYYHNaBTpYEU4WlVY6xXSqgO7oVqX5HqtPEGdtz"},"_chains":{"BaaF7Hs1siGGWLKYGNNB4yQUlr4Pon4kh0NHmW9mlxoN":{"chainKey":{"counter":100,"key":"xTyxfhvLrqkfJ5rlxRBCQXwfNh6h/ReIwqtB+k9Q1iE="},"chainType":1,"messageKeys":{}}},"pendingPreKey":{"signedKeyId":8493085,"baseKey":"BcQfqFgBmuLCDpKxOrpHxVs0CyOKX2HzFZwcoHRUTRss","preKeyId":5064}}},"version":"v1"}