{"_sessions":{"BfPbK6ca5OkuoxMgQjtk4Iiw0wmSn+IBBO/eqAoWX08h":{"registrationId":1082420769,"currentRatchet":{"ephemeralKeyPair":{"pubKey":"BXrQCqxznYkaPOiciLNBdeC6UlrRdjGRQsSNpm2JluNe","privKey":"QJ9XPciErBNDtlx8s84EXQ/kXmds5hMYi1wNygBVrmg="},"lastRemoteEphemeralKey":"Bet8lPHTHK/rlP+/7aMnwGF09j1qzEeAawyEuYeAWgV7","previousCounter":76,"rootKey":"kc8BdEy+gAvIaIh3tvrDAE/3WTGVZwTcxNHjL+2kdKY="},"indexInfo":{"baseKey":"BfPbK6ca5OkuoxMgQjtk4Iiw0wmSn+IBBO/eqAoWX08h","baseKeyType":2,"closed":-1,"used":1741101383383,"created":1741082167977,"remoteIdentityKey":"BXpeGb6XHsbL/3mrI7VRfIc+33sYlSyLleEGf3tzp7MX"},"_chains":{"BVFMzhb8ZtQy5h6y1k0ylSdzdjEfOWIT5cmRWdI0Ill6":{"chainKey":{"counter":0},"chainType":2,"messageKeys":{}},"BdOiRSWOFk/lhbmS8mDCcfa24w7xnRqjrglKgLzZZ8RD":{"chainKey":{"counter":0},"chainType":2,"messageKeys":{}},"BQ+Uu7xojOfbB52V2SvunBKN3WgnF5DB9tH2pcMKTcAT":{"chainKey":{"counter":0},"chainType":2,"messageKeys":{}},"BazKcM1tqH4MoHwF3X5n6HPFNk6tlG2I3wbm9qqkF5VO":{"chainKey":{"counter":0},"chainType":2,"messageKeys":{}},"BbGbncgqmonr21tkrdqUWaJGKZd5mCjrmvkQmSKiITda":{"chainKey":{"counter":0},"chainType":2,"messageKeys":{}},"BTCtVi5VQigKa6tmuU8WSRcoh3Duk15yLvsckly+LVAQ":{"chainKey":{"counter":0},"chainType":2,"messageKeys":{}},"BRxpCcE/F/WgBlCic2GAO96tbqzTiiK/toRcowfSsHMV":{"chainKey":{"counter":0},"chainType":2,"messageKeys":{}},"BXj2GdoollezoMeGMCA2HtoUzpH6o7q6AZCFYzb0YM1Y":{"chainKey":{"counter":0},"chainType":2,"messageKeys":{}},"Bb3siUb4uRK3FNnDfz2KOgQ5CdjMQ30m22pPx4l4239Z":{"chainKey":{"counter":0},"chainType":2,"messageKeys":{}},"BQng5lLntxdCQ8pubnpMBaWntj+oRGXhbJnncc6mbKUO":{"chainKey":{"counter":8},"chainType":2,"messageKeys":{}},"BegcPPtBmVAhdmXenv1N3q+G9QFOhuSuYNuZmAbqrrxz":{"chainKey":{"counter":0},"chainType":2,"messageKeys":{}},"BcrgHOlZkMXGBeqNn/K0CghSnkalI+F7AN3/9Rw9gyw9":{"chainKey":{"counter":0},"chainType":2,"messageKeys":{}},"BaGrO9wVXx6QoBDKzOYllw4H3oPRWHNFUkh9TMH1cJsS":{"chainKey":{"counter":0},"chainType":2,"messageKeys":{}},"BfDfCOEgMJLsu65yPiXK8c6GOX1J1GZJwPva3SnQ+Kpv":{"chainKey":{"counter":5},"chainType":2,"messageKeys":{}},"Be/PpDZ1glqiNt2gnACC3hcnDnG2SUNvf5ANaz1Fe70f":{"chainKey":{"counter":0},"chainType":2,"messageKeys":{}},"BYiY4UMBJX8riCg5KEx5cGcTMN9XL3W6JXRmoZsjE7Er":{"chainKey":{"counter":0},"chainType":2,"messageKeys":{}},"BRAFEOo7Yj1Tg6hOO+ShwY/a8LCypxhaOYBdmtACLCEX":{"chainKey":{"counter":0},"chainType":2,"messageKeys":{}},"BbMHJTGR2O9Z+RNf0s39i1CqtSE4gAFkfmCsJJ4JFm5O":{"chainKey":{"counter":0},"chainType":2,"messageKeys":{}},"BYU6UbGKYVwMzpzTpa81Tv26/UmXNZv4GYDibki75OEa":{"chainKey":{"counter":0},"chainType":2,"messageKeys":{}},"BXnJ43n9MpYvNn29Ecwj+t9Wx7nHXnz+xm8bMmN66hNh":{"chainKey":{"counter":8},"chainType":2,"messageKeys":{}},"BU+h3h+W/3GwGuFhzIWQ2QarYyxX9AFApnFVFWlfcToa":{"chainKey":{"counter":6},"chainType":2,"messageKeys":{}},"Bet8lPHTHK/rlP+/7aMnwGF09j1qzEeAawyEuYeAWgV7":{"chainKey":{"counter":4,"key":"yFZHi30bI7vjE4H9R9CKEgmNgXxXYmWFMc2r1fZTP6o="},"chainType":2,"messageKeys":{}},"BXrQCqxznYkaPOiciLNBdeC6UlrRdjGRQsSNpm2JluNe":{"chainKey":{"counter":28,"key":"BEm+uZIPZ+GtJZwgaVfLgnQhjRoqKgv4vPXOH1fNikg="},"chainType":1,"messageKeys":{}}}}},"version":"v1"}