{"_sessions":{"BbKu3XBwqZhvxMbnw/sr5Hn+uau/22ncChzzByJPNYtl":{"registrationId":533366770,"currentRatchet":{"ephemeralKeyPair":{"pubKey":"BaXnr73/Kd2hvYRxwEUA4MobkxIHz8zDdtFndcGZnhhe","privKey":"CBU6wtlp4yRtW8w4zI4Gugcj69h14e2eqC/WaEqc/F8="},"lastRemoteEphemeralKey":"BYMIkf23oQb8Zz2aVU7/7EaJuBs3x39O9H5hULIe8mFv","previousCounter":0,"rootKey":"w7q4dYt6JrsDJjPoP28i26hkVVaDke4TCHtGwO0agec="},"indexInfo":{"baseKey":"BbKu3XBwqZhvxMbnw/sr5Hn+uau/22ncChzzByJPNYtl","baseKeyType":1,"closed":-1,"used":1741096689501,"created":1741096689501,"remoteIdentityKey":"BSVrr4WS1lflDGTeLasmCimkcTFO3ZWmACbaMEDUQzV7"},"_chains":{"BaXnr73/Kd2hvYRxwEUA4MobkxIHz8zDdtFndcGZnhhe":{"chainKey":{"counter":2,"key":"il9OQgJiF3Vg7eY3TYBSvhcJSuvqo4l885arJwxkZp4="},"chainType":1,"messageKeys":{}}},"pendingPreKey":{"signedKeyId":1,"baseKey":"BbKu3XBwqZhvxMbnw/sr5Hn+uau/22ncChzzByJPNYtl","preKeyId":820}}},"version":"v1"}