{"_sessions":{"BUNo7HaWoeOsN+X62UU9J/aRDm2Lr40nliyupCW3LgtG":{"registrationId":449854999,"currentRatchet":{"ephemeralKeyPair":{"pubKey":"BTYIujbk0icH2TJEsdwLIAw1W5Jiaz9P23bsBNmNelpT","privKey":"ELKPzDyYZNj0NQr40AybBQNzjiicbuCXOYAp6ZMjI24="},"lastRemoteEphemeralKey":"BRl+oMYxOjBvZYPFbpm/uu1Mmi5x0jBPJ5yJnZpf6r81","previousCounter":0,"rootKey":"lHcnNFL0sGStb1T+k5cUjyq0qC9peRv9n8JH5Wavm90="},"indexInfo":{"baseKey":"BUNo7HaWoeOsN+X62UU9J/aRDm2Lr40nliyupCW3LgtG","baseKeyType":2,"closed":-1,"used":1741102641077,"created":1741095391061,"remoteIdentityKey":"BQAm4IDTPomeIN4So29ce0tQ12ArMrXhwJB8OslCjuEv"},"_chains":{"BcleDrxrg4GvCH4FLXDrB1cmhJtIxFBj4k3VuIBjSDE6":{"chainKey":{"counter":0},"chainType":2,"messageKeys":{}},"Baen3WIC+l4kCJoCs1Vk/29PrIBnpugCvJekmCuSisMW":{"chainKey":{"counter":0},"chainType":2,"messageKeys":{}},"Bbf/bf0WV1RZT832FicpJK2xdBgqF/vQ2zw8qSJSFR9/":{"chainKey":{"counter":0},"chainType":2,"messageKeys":{}},"BegU7MBxKs9a1ITnJCSIYYh47QvymTIqqy14WVwXTdhb":{"chainKey":{"counter":0},"chainType":2,"messageKeys":{}},"BWgX6ilzuhy/Qa7IGJYRIf2nePlDdFM+4T3SM2BBBBov":{"chainKey":{"counter":0},"chainType":2,"messageKeys":{}},"Be1m7rkiuRxzkT3IbLMgIBF8cBjZJviSzFIQ8STam2VL":{"chainKey":{"counter":0},"chainType":2,"messageKeys":{}},"BQl8nTvdVS4gjJyMF+/XSfE8Q45Z//ouSjQRxWldke87":{"chainKey":{"counter":0},"chainType":2,"messageKeys":{}},"BeYs1DB30kUv3mDX2PEfG6RFTqiyEvEhd9DMRvlY9zZK":{"chainKey":{"counter":0},"chainType":2,"messageKeys":{}},"BYPTGMYurvidl/OnU7geTuyLKTNqrvbncrcyP8aLtdUW":{"chainKey":{"counter":0},"chainType":2,"messageKeys":{}},"BavXih9tzjnCBu9bwo6F3ljOZfXRBEZpKphtAA3kv64v":{"chainKey":{"counter":0},"chainType":2,"messageKeys":{}},"BUxvZa+kR3mgQoOOjrbsZ8pALxncJKWNKsGK1uZ4wmpe":{"chainKey":{"counter":0},"chainType":2,"messageKeys":{}},"BS3JIEWvl8v6nataIucK2z4bEA5QdDt4L0Q3SXsbULk8":{"chainKey":{"counter":0},"chainType":2,"messageKeys":{}},"BSrZQyraoiKOX49bsm3VH7QuM9pscZkZxXIhREfw5FZS":{"chainKey":{"counter":0},"chainType":2,"messageKeys":{}},"BcMDEy70VeBcsGwVUq9UWhZgIJfDVO/MhoaLcT5HSQYu":{"chainKey":{"counter":0},"chainType":2,"messageKeys":{}},"BZSN7dN1cZa1kESm5b1V7JsqgaS/20XEhrh6NdcYiKYh":{"chainKey":{"counter":0},"chainType":2,"messageKeys":{}},"BYMMyNPWzuDgPBOiP/byI6SdU3saQxilbVlhPp/AWlU5":{"chainKey":{"counter":0},"chainType":2,"messageKeys":{}},"BfC5+X3fnfWYxipe4Focpwi7Hq7JRWosw5V/cJxxF/NJ":{"chainKey":{"counter":0},"chainType":2,"messageKeys":{}},"BZd873ex6hMv7HEE6XLLWC0rMPURcOyVOiFHZcEk/vYT":{"chainKey":{"counter":0},"chainType":2,"messageKeys":{}},"BayyxbIIVQeKHsToOnPUd81heGb4dsApr313UC/SbW5d":{"chainKey":{"counter":0},"chainType":2,"messageKeys":{}},"BVd+viQ1sHO6KnFE+dY1Gg0LGeVl6KfCfcFlJzVfJbVQ":{"chainKey":{"counter":0},"chainType":2,"messageKeys":{}},"Bb3+yFB1TCfaT404NlGYmKV/YRhHxSxoBUESUuepzv16":{"chainKey":{"counter":0},"chainType":2,"messageKeys":{}},"BUMFkgyo7NoZgkxxWYvpfzMNwWbajlkQNo+jh9QbU1gL":{"chainKey":{"counter":0},"chainType":2,"messageKeys":{}},"BZgbKhZemFA6wUZLnU+TlJZXft74kyv/ZgY0MaGZFT05":{"chainKey":{"counter":0},"chainType":2,"messageKeys":{}},"BdGzK60afdysPHxLqwir8iKCHxyuK3ubsePUmoj5l3Fj":{"chainKey":{"counter":0},"chainType":2,"messageKeys":{}},"BWg63nIHjkQ9h5R+76Wlc0bhHCuPlgNQ1Uf15zZB0aZl":{"chainKey":{"counter":0},"chainType":2,"messageKeys":{}},"Bc/t1i+4x6Qrb/Uc4vJLjdDlGqv2qtPrbXWTQMZm55Ja":{"chainKey":{"counter":0},"chainType":2,"messageKeys":{}},"BVmOCDHiILephof0ZGzSfs42FJmfuoZbXB1e4D2lthE5":{"chainKey":{"counter":0},"chainType":2,"messageKeys":{}},"BWYTy0F3/zYztLMr8/Jcm3IIGp38d0aYlxaFD2XApL9M":{"chainKey":{"counter":0},"chainType":2,"messageKeys":{}},"BfPtcsa0/MqL6mCtEnWvPT3oBKKQvM+h+0nvJNbbxX47":{"chainKey":{"counter":0},"chainType":2,"messageKeys":{}},"BTxE0bxAfX+FXKwpoYIxln+lUBRWCejODQmx5aIfjLBh":{"chainKey":{"counter":0},"chainType":2,"messageKeys":{}},"BYmn2mA+j9BiQhB8LYMr/uqIGB24X2Gghd8jbwU2h4sf":{"chainKey":{"counter":0},"chainType":2,"messageKeys":{}},"BUwcfIzQbjgIpRHdLdii0w/eSQ0wa0v14KpfyFWWBN9w":{"chainKey":{"counter":0},"chainType":2,"messageKeys":{}},"BR942zNKkFJdXKlkjcJYb/GcCeKgGlTmkTLcfL1TXehL":{"chainKey":{"counter":0},"chainType":2,"messageKeys":{}},"BZp43/cgVbedZ5ZVYPk7UGXk6Rkpm1bsYgvk8giUWX5k":{"chainKey":{"counter":1},"chainType":2,"messageKeys":{}},"BQxjtQ7gWetbRPAK5/ulEPtVJJo8CHVR5yWs4MftYCdE":{"chainKey":{"counter":0},"chainType":2,"messageKeys":{}},"BW3yp1SY6gp42K+iEH68UkIIg1p0SmNfUb6hcLsTVj8E":{"chainKey":{"counter":0},"chainType":2,"messageKeys":{}},"BbW3SbRJSvzFCPc/YXLgVgcAYNaNEdLgsdvRB17CyqpP":{"chainKey":{"counter":0},"chainType":2,"messageKeys":{}},"BWv04NXXCH2s+Hv/CnnRGZbcQPxfTuKs6/IV3Qm/dkgC":{"chainKey":{"counter":0},"chainType":2,"messageKeys":{}},"BUG0GWKEHWCf4rboYb/In1RE3d1sEn+1BTrShnEH3n88":{"chainKey":{"counter":0},"chainType":2,"messageKeys":{}},"BfnS3aXsQV86bVFS+C2ksHpMjSz5iq5k74dYwXgbmZdX":{"chainKey":{"counter":0},"chainType":2,"messageKeys":{}},"BaDXZjrjhLKExY9+J5w5QKhRivEfZYuoKduDtOMmfA9t":{"chainKey":{"counter":0},"chainType":2,"messageKeys":{}},"BQ9j+OcxflC+Yc5iWRIS+UVKzOQkht1F39mLa3MTDAwO":{"chainKey":{"counter":0},"chainType":2,"messageKeys":{}},"BbrxBROI6NoZLA9MqPuUMI0KRwWCm7+blhTp8vcP7Xp9":{"chainKey":{"counter":0},"chainType":2,"messageKeys":{}},"BRIdKI6S6QgNFKW7pmRmZmNkXOFviykp/Y63Yahkj3E8":{"chainKey":{"counter":0},"chainType":2,"messageKeys":{}},"BZQZAmiTumFKceC+vFxhgNQG1x0MuMmckJxWabs42Pdx":{"chainKey":{"counter":0},"chainType":2,"messageKeys":{}},"BSGPRdqMqkEP4O9ssQ/X1HJFgyzYyi2Io5rzyi86U6dP":{"chainKey":{"counter":0},"chainType":2,"messageKeys":{}},"BUaOc2kc90Z3yfMwdTMYmWrgVXjbNYaMOClZfFMmFDE4":{"chainKey":{"counter":0},"chainType":2,"messageKeys":{}},"BUzgFx145HXB0ZBJdl1lzu7omGl19U/pAZdugKfbP+In":{"chainKey":{"counter":0},"chainType":2,"messageKeys":{}},"BaUgVIIxwFloepAyZtuVVt/I+88ikKKpu6YiPCOnZdFh":{"chainKey":{"counter":0},"chainType":2,"messageKeys":{}},"BY8CLqhIq8Ev868VqBggK4bXrKbM+WCRbavTs76u6FUn":{"chainKey":{"counter":0},"chainType":2,"messageKeys":{}},"Bf8uc0CPblSqT8J+6G9nnvtWqionFE3F3nfHvI907pNP":{"chainKey":{"counter":0},"chainType":2,"messageKeys":{}},"BckYeYhEvJQyulpLkUPLHQ/jJ/hhPM2LYOA8IDSIx8of":{"chainKey":{"counter":1},"chainType":2,"messageKeys":{}},"BUvp0VVXMEfPpWcabLFyByITQXJkEg7HeSEd5WT48HlM":{"chainKey":{"counter":0},"chainType":2,"messageKeys":{}},"BSP7xtgGbGy/2e3tMn8DhWlbDmIF0h5vjsw2Ay7YQpV7":{"chainKey":{"counter":0},"chainType":2,"messageKeys":{}},"BW17oEqwzt8krr09whkGiO/AwM4ASgi1jTztdqX3SDFR":{"chainKey":{"counter":0},"chainType":2,"messageKeys":{}},"Be2+Lc4qN5BA+SKUsdmy4bDN7pgqLSt9OJqWKQnlXXlq":{"chainKey":{"counter":0},"chainType":2,"messageKeys":{}},"BTxaXdie+vsBRr3YpSaEHuZdITaGXp+ZEYB+u6ggSUs3":{"chainKey":{"counter":0},"chainType":2,"messageKeys":{}},"BSjLCJhijlvDmAML6vdHdP93OdRsJU2iCWapiVWVgpht":{"chainKey":{"counter":0},"chainType":2,"messageKeys":{}},"BRofhotMijZoXdPkqf5E4DfJV/G2A72E58KwSS90pvho":{"chainKey":{"counter":0},"chainType":2,"messageKeys":{}},"BYkEVujmJgxS/ocb258dysjKtD+12f3dYNXrL2+7zc9j":{"chainKey":{"counter":0},"chainType":2,"messageKeys":{}},"BfBZqKPbg8GDTUmLuOdiiMkg9Kh8F4XFIxCXjHG6KbR8":{"chainKey":{"counter":1},"chainType":2,"messageKeys":{}},"Bc2Q/3bw8Ef3/9l36KCqcc46n5X9ixGBkwmIUCLT4D9H":{"chainKey":{"counter":0},"chainType":2,"messageKeys":{}},"BcDo2dMMvVRlKvVBadUnzTJ91hIrFwAim4gmPdEIdrpP":{"chainKey":{"counter":0},"chainType":2,"messageKeys":{}},"BR7BB0SrjwvF389LmhU0bPsOAq6RJkiqZ3pjFQb4lGQV":{"chainKey":{"counter":1},"chainType":2,"messageKeys":{}},"BTBQNjqWTUwLzBIw/wAdQ4waNOECsge08K/9wO7xzcMv":{"chainKey":{"counter":0},"chainType":2,"messageKeys":{}},"BRE00jIZPXROyMo+SP27taFiVhYbsCvYZ61dJwAK+g4P":{"chainKey":{"counter":2},"chainType":2,"messageKeys":{}},"Bdc3N1ue6eNE4VdHwAskjD5n7AmX9SLj4WaXYFa5LiNj":{"chainKey":{"counter":0},"chainType":2,"messageKeys":{}},"BTOn4a1u9BgA1rNF9DiHBXbCENaljYv//ENboFKs0Xpd":{"chainKey":{"counter":0},"chainType":2,"messageKeys":{}},"BRwcBT7UvEIO+xs3HMfpCtI8wyj/wPXIAilQHoA/Z1Jl":{"chainKey":{"counter":0},"chainType":2,"messageKeys":{}},"Bftitejca6tj6awHSZrO6Vu+FRGvexn2b91aU/gui19m":{"chainKey":{"counter":0},"chainType":2,"messageKeys":{}},"BXMywTNVdr+a8dRafhVisCTv4V5NhcrB8hWs9ngLvDA4":{"chainKey":{"counter":0},"chainType":2,"messageKeys":{}},"BQWuJ6u4glvOtClnFMRoS9B+jibgUg+5BRrilXEnI61g":{"chainKey":{"counter":0},"chainType":2,"messageKeys":{}},"Bb6cmXJzGzAucNB8SqGklmykkUm60d3jHd3yia9xt4Qj":{"chainKey":{"counter":0},"chainType":2,"messageKeys":{}},"BW/Exw/cH6OK+hlpL8GXh4WrN5uG4P1z/aH4u54jsrhe":{"chainKey":{"counter":0},"chainType":2,"messageKeys":{}},"BfIulEORRsLNue+LSJqZ4RDScDkc0jCRBYq79kJ8SPw7":{"chainKey":{"counter":0},"chainType":2,"messageKeys":{}},"BRWVKL5OTrGNS2PcRwPIbhbQZJjS+uK5EuiD876qGlBk":{"chainKey":{"counter":2},"chainType":2,"messageKeys":{}},"BbhrfaJgKGySXzCGzkLyXHoEOB8bSfzjzM9hkuxhPVxZ":{"chainKey":{"counter":0},"chainType":2,"messageKeys":{}},"BRzSwQ9LkCH1XJSzwqOBDo+jH0XaPs2Sv2OQzHmENh0s":{"chainKey":{"counter":0},"chainType":2,"messageKeys":{}},"BdhOw0Z78JfhsRB50ZDpM5eOVgSwQAtl4Y0cjfokSDNr":{"chainKey":{"counter":0},"chainType":2,"messageKeys":{}},"BXd154wYYGpLddvTJ9tNXI+8ItohJR5Muxp1lQZFwusK":{"chainKey":{"counter":0},"chainType":2,"messageKeys":{}},"BWhVSNWQQYFIlyIAWUKO0cBXX9sFW2pYAUCcPbaU69NQ":{"chainKey":{"counter":0},"chainType":2,"messageKeys":{}},"Bb4A/Cs1qoszY4wQ+W2ftKAwTgb5G+vIAB7PXMGT4r40":{"chainKey":{"counter":0},"chainType":2,"messageKeys":{}},"BaCeBlfI5T99psRXb9OVvY0cUz7MT+/0RvGc5ZVdl58U":{"chainKey":{"counter":0},"chainType":2,"messageKeys":{}},"BRKlLiOnILWGsl0DAh8HOsVMbYUkrQxQ4Lm34j3gXt40":{"chainKey":{"counter":0},"chainType":2,"messageKeys":{}},"Bd3pX49dC7M9B9ikjJFkiN7zfOtk9CAuWQoiDAPHHNIY":{"chainKey":{"counter":0},"chainType":2,"messageKeys":{}},"BUeOD5Xv4g/jBUwAdfgJMEkAufeR/myI1+19SSso5ctb":{"chainKey":{"counter":3},"chainType":2,"messageKeys":{}},"BW1LOq7cptM+ArOmdHo4fT2DYn32IG7062LbFHQnx+It":{"chainKey":{"counter":0},"chainType":2,"messageKeys":{}},"BZc7WOjGIRshjMNzjautNGrIC8sl7NDJmazbmScgsHZS":{"chainKey":{"counter":0},"chainType":2,"messageKeys":{}},"BX+iR5qgiL4GHsEK67AG6dn4nD3NnIEZ4WrjYNvx7JtP":{"chainKey":{"counter":0},"chainType":2,"messageKeys":{}},"BeHw+qpVjzQgU0RWLuRqPjgE6V2hj83m3s/mJLf3YFE1":{"chainKey":{"counter":1},"chainType":2,"messageKeys":{}},"BYP/wpE8kyWbZ20mfvQ5G+USEqhrzFf8/45b/+wGu1QM":{"chainKey":{"counter":0},"chainType":2,"messageKeys":{}},"BRl+oMYxOjBvZYPFbpm/uu1Mmi5x0jBPJ5yJnZpf6r81":{"chainKey":{"counter":1,"key":"nJQI6qSvEVCjUtNBR7bZ1wQwAkZonOvL/3r36Lny7xc="},"chainType":2,"messageKeys":{}},"BTYIujbk0icH2TJEsdwLIAw1W5Jiaz9P23bsBNmNelpT":{"chainKey":{"counter":0,"key":"BEUPoL7gQBFib9agQjRCpOsNx7ythGlBBF8wUKiCsFs="},"chainType":1,"messageKeys":{}}}}},"version":"v1"}