{"_sessions":{"BSa29SZIzX/m2viMZpzsrN2r8uyCmV35BCE1/Ct+jCMv":{"registrationId":422882910,"currentRatchet":{"ephemeralKeyPair":{"pubKey":"BX2bZuaJfHYiVtu5j7+0WA+JZInxqzBwvncY8w1HbMRm","privKey":"cG1xF9ju6z0BI2kUiCJJPzHFatXhKA5289rcSZfgomk="},"lastRemoteEphemeralKey":"BROIy+TUpsJ0YSulOn4rDZZHR6dX0cQDM7PborcVr5Up","previousCounter":0,"rootKey":"2Xeuft8RD+B6354eQrbNnkWFa8meyvBwci9wp4QGJkE="},"indexInfo":{"baseKey":"BSa29SZIzX/m2viMZpzsrN2r8uyCmV35BCE1/Ct+jCMv","baseKeyType":2,"closed":-1,"used":1741095375003,"created":1741095375003,"remoteIdentityKey":"BalZ8SvJARcEvY+s4jAcEQhs9XK+5sbNQWYKuzQuFF19"},"_chains":{"BROIy+TUpsJ0YSulOn4rDZZHR6dX0cQDM7PborcVr5Up":{"chainKey":{"counter":0,"key":"fsSMtmIkK23mbeHK4Zw0X8qHa3EoY2+tqdMQBgHwBuM="},"chainType":2,"messageKeys":{}},"BX2bZuaJfHYiVtu5j7+0WA+JZInxqzBwvncY8w1HbMRm":{"chainKey":{"counter":-1,"key":"EKCL5uXR9cVZBY4ucDN168TNMe4eC9a1SPBb3A8H4tg="},"chainType":1,"messageKeys":{}}}}},"version":"v1"}