{"_sessions":{"Bfo/T2zqQKiXcxmG29DHW+b3dhOw92BB8wIWD/XQeK42":{"registrationId":663414226,"currentRatchet":{"ephemeralKeyPair":{"pubKey":"BQs5etRkA5nCd1EliG/gHHMmFRtihT6WrbXAORDsR/kd","privKey":"2NyDsNyE4cxpgtZ1kzGCAPvK8AVJX0xzRMI+9G9muVE="},"lastRemoteEphemeralKey":"BRSlT//3AvwSfB79mHLZsxOJYDF+yT6r2WFOsNuoqQAn","previousCounter":0,"rootKey":"zjP7ld6BjIz4+HXcoIchmy7N19RD2hRQd5Ix3ouVEuU="},"indexInfo":{"baseKey":"Bfo/T2zqQKiXcxmG29DHW+b3dhOw92BB8wIWD/XQeK42","baseKeyType":1,"closed":-1,"used":1741096689516,"created":1741096689516,"remoteIdentityKey":"BTjswjgOTyhuv3sRwTe3K/4FOFyLu8VClNFh3AFvohNX"},"_chains":{"BQs5etRkA5nCd1EliG/gHHMmFRtihT6WrbXAORDsR/kd":{"chainKey":{"counter":2,"key":"0PvRBkScw+5m1vTwKlRay8ZAie9RIoRQoRt31nMi8Go="},"chainType":1,"messageKeys":{}}},"pendingPreKey":{"signedKeyId":3,"baseKey":"Bfo/T2zqQKiXcxmG29DHW+b3dhOw92BB8wIWD/XQeK42","preKeyId":5223}}},"version":"v1"}