{"_sessions":{"BfSV6XKrRJjsb4xIfLHMb/w6Jca6fz9IneI/TvAdvbFl":{"registrationId":32768592,"currentRatchet":{"ephemeralKeyPair":{"pubKey":"BdPA5qTeB7FUcYRxElXhOfBC5vowg9+F54Z4VVXOQts3","privKey":"WGuWWj69Z+eJciCyR6PxmHjjTefILuoDiupRGwmWeks="},"lastRemoteEphemeralKey":"BfpeKvWqhCSRcPpFvVUCdtzx5GqrFy79JfhRJBcbZ1Zr","previousCounter":0,"rootKey":"wYgPPDcTVKDxabkofZM8MZtl6aYEXAKowTsGB3dp4UY="},"indexInfo":{"baseKey":"BfSV6XKrRJjsb4xIfLHMb/w6Jca6fz9IneI/TvAdvbFl","baseKeyType":2,"closed":-1,"used":1741101903049,"created":1741095375129,"remoteIdentityKey":"BQFhGkS3+7jUcxwK8YOOIRAl//if7wsCE2uXAsZuakUy"},"_chains":{"BZkmhR/UI9bsaPyRQ+jSe3+4uB5V8n20yud6ev6Lheww":{"chainKey":{"counter":6},"chainType":2,"messageKeys":{"2":"TSxopuFxyW/feW5fvjyEtwveG2zsac6xEubKSzME04Y="}},"BfpeKvWqhCSRcPpFvVUCdtzx5GqrFy79JfhRJBcbZ1Zr":{"chainKey":{"counter":0,"key":"rPtk1mg9sBfejAsf6HXjU6snH52Zi8yaBCc/m23QbXg="},"chainType":2,"messageKeys":{}},"BdPA5qTeB7FUcYRxElXhOfBC5vowg9+F54Z4VVXOQts3":{"chainKey":{"counter":0,"key":"onUXXefqcT0p0WJK4BKA4yUx8kSy01eECm73JoByPX8="},"chainType":1,"messageKeys":{}}}}},"version":"v1"}