{"_sessions":{"BcnhV5zj8v8HWM7dZx4HEjzsj0P31wvwISuRpJlWFe8Y":{"registrationId":1756665590,"currentRatchet":{"ephemeralKeyPair":{"pubKey":"BccM7Mv2K65Fkh9dSFMaMxlbwdHRBYgZ/PNN9OnUeDYa","privKey":"oOWncH7FCqY98r7Y35UApogBN1cUXE8B5I+iQ8XI+WM="},"lastRemoteEphemeralKey":"BWbgh5PtprMgZjKrQMKIWSHNEHwmUQN1szw1iod1c1li","previousCounter":0,"rootKey":"3a0dw8S+CnQFqmwr0d62CQ2EJLPFYk2s0yHnNo2VEcw="},"indexInfo":{"baseKey":"BcnhV5zj8v8HWM7dZx4HEjzsj0P31wvwISuRpJlWFe8Y","baseKeyType":1,"closed":-1,"used":1741096689479,"created":1741096689479,"remoteIdentityKey":"BeY/ot1ZKJLPvnONFQSNlQxgAi033qjeGXOEOTnuebN2"},"_chains":{"BccM7Mv2K65Fkh9dSFMaMxlbwdHRBYgZ/PNN9OnUeDYa":{"chainKey":{"counter":2,"key":"zpySEJpLyvIr/xhRBkld3m5G3Zei7aiHLG7wUajxtMA="},"chainType":1,"messageKeys":{}}},"pendingPreKey":{"signedKeyId":4,"baseKey":"BcnhV5zj8v8HWM7dZx4HEjzsj0P31wvwISuRpJlWFe8Y","preKeyId":1560}}},"version":"v1"}