{"_sessions":{"BUBhKzCj3q0PyogwmOFE37YAd7tXKQnaNakKqo+7SX9Q":{"registrationId":1790552301,"currentRatchet":{"ephemeralKeyPair":{"pubKey":"BcuaM++oJCRtaMYccrD4sO9AmyjfB3iP4k+ody07dTdd","privKey":"eLM7UhS/Becb89ZmLHrp2FIFw2IjoIXSELz03SOKoWc="},"lastRemoteEphemeralKey":"BUmIV9nWG24X1Ric7ORQtD/2AUIZKSmCWX6bc3xlbFdF","previousCounter":0,"rootKey":"hDoPILHD7TBePs980WvlTpvzPM7EZXq3Novz+tF4yeM="},"indexInfo":{"baseKey":"BUBhKzCj3q0PyogwmOFE37YAd7tXKQnaNakKqo+7SX9Q","baseKeyType":1,"closed":-1,"used":1741096689531,"created":1741096689531,"remoteIdentityKey":"BcyfXFy5fbLo9seb1JXjgKVBFJJkTFj1Z3cjstJmAJde"},"_chains":{"BcuaM++oJCRtaMYccrD4sO9AmyjfB3iP4k+ody07dTdd":{"chainKey":{"counter":2,"key":"VgCy5O0pexlR1/AE6LW+dKzHgon1CyBeDGrihKIoEbU="},"chainType":1,"messageKeys":{}}},"pendingPreKey":{"signedKeyId":48,"baseKey":"BUBhKzCj3q0PyogwmOFE37YAd7tXKQnaNakKqo+7SX9Q","preKeyId":11879648}}},"version":"v1"}