{"_sessions":{"BXgkQ9TLhYY7iY3VD72MTN50cyVtIyKDD5eOYUo8Z8Ef":{"registrationId":126960153,"currentRatchet":{"ephemeralKeyPair":{"pubKey":"BZgXOZwv4rA5w2Sx/5pzVbOeTIDvHdY0egQEb+CrQCwb","privKey":"cGVNX/chSLXwZcW9NvROVHaKS1Ig5TndFG2HDxk4F0w="},"lastRemoteEphemeralKey":"BbwNWaXeIgfuP4xCjDMGsv3JEbZJI+0288Dr1XC0a9Zz","previousCounter":0,"rootKey":"F77arfJpwsfWtR8KXL30YeOGu+EiPSHyoFjLYfnso8A="},"indexInfo":{"baseKey":"BXgkQ9TLhYY7iY3VD72MTN50cyVtIyKDD5eOYUo8Z8Ef","baseKeyType":1,"closed":-1,"used":1741082169187,"created":1741082169187,"remoteIdentityKey":"BbPh9DveMF3rTdwWyN5xb4phxqRprL1JeH/7WRCoKwxg"},"_chains":{"BZgXOZwv4rA5w2Sx/5pzVbOeTIDvHdY0egQEb+CrQCwb":{"chainKey":{"counter":25,"key":"4pq1+/Q1hyKcoqp060tqDMjeJxLqcbVQneGPKwde1LU="},"chainType":1,"messageKeys":{}}},"pendingPreKey":{"signedKeyId":1,"baseKey":"BXgkQ9TLhYY7iY3VD72MTN50cyVtIyKDD5eOYUo8Z8Ef","preKeyId":847}}},"version":"v1"}