{"_sessions":{"BVmNpw10FUS6ektojlhrAwnjuBinSCyRsEOfb83skoFT":{"registrationId":271496032,"currentRatchet":{"ephemeralKeyPair":{"pubKey":"BRbf17Or4JJ/SDu1tKf2B7+wRfVS8R3nhS3dpVzdPycx","privKey":"0Bzr2jzMNMRWTNwWlehQ0i9thm9hI3CeEIlMRl0iRWo="},"lastRemoteEphemeralKey":"BVo5Ou690cs5d7uoqr2JQ2nN2vp2kvs+ukDLXA4Z+wQE","previousCounter":0,"rootKey":"F2zquY48p9dLT80BTcZkr982kTBUwiwDFhp87ilTHkk="},"indexInfo":{"baseKey":"BVmNpw10FUS6ektojlhrAwnjuBinSCyRsEOfb83skoFT","baseKeyType":2,"closed":-1,"used":1741095375360,"created":1741095375360,"remoteIdentityKey":"BagbVwVqUkFADfW0B+JBIe97fEaW0YvlMk/kN707qwE7"},"_chains":{"BVo5Ou690cs5d7uoqr2JQ2nN2vp2kvs+ukDLXA4Z+wQE":{"chainKey":{"counter":0,"key":"UB3zEGJecEhVpx9Bs42oD3ZjAXyPsHCz67ge5gVo2bw="},"chainType":2,"messageKeys":{}},"BRbf17Or4JJ/SDu1tKf2B7+wRfVS8R3nhS3dpVzdPycx":{"chainKey":{"counter":-1,"key":"qGyRV7ZkkXIVJOxgceSpaNEKNUCjjRZ5M1ozPg2iDP0="},"chainType":1,"messageKeys":{}}}}},"version":"v1"}