{"_sessions":{"BaTG7U03jbqJpJe7ZrH0OO8fSRHGA9fhhAaYI2QRPLdm":{"registrationId":1652945599,"currentRatchet":{"ephemeralKeyPair":{"pubKey":"BYIcDVDX/Qel0rGk7V79VvpjasHY53eRrsWmmh4RcNBJ","privKey":"ILvZtSnFTjEFrfKGxGiIU5XeouIEJs1tNkuc8fnLt3Y="},"lastRemoteEphemeralKey":"BTtZP/6hyGBmL7lb8Mru0LSiyWWEvVlG2mIHEt+4xlQV","previousCounter":0,"rootKey":"3ktiKV8yMiTPxGfxZciTzNESgq8Lq4TkOHAlDJL/Dcc="},"indexInfo":{"baseKey":"BaTG7U03jbqJpJe7ZrH0OO8fSRHGA9fhhAaYI2QRPLdm","baseKeyType":2,"closed":-1,"used":1741097361371,"created":1741097361371,"remoteIdentityKey":"BQMvc4zKEeWJ7S2NvogALG9LQFI0xf3UKby9kbpSxQwp"},"_chains":{"BTtZP/6hyGBmL7lb8Mru0LSiyWWEvVlG2mIHEt+4xlQV":{"chainKey":{"counter":0,"key":"t439R8Ja6IlrluCVN6UHuriCmt5l11ZcCa891X0EZ+M="},"chainType":2,"messageKeys":{}},"BYIcDVDX/Qel0rGk7V79VvpjasHY53eRrsWmmh4RcNBJ":{"chainKey":{"counter":-1,"key":"YCVYX8e0l3YS/AO9dkoOWR4vdksLHrqmrXI8otZcuHc="},"chainType":1,"messageKeys":{}}}}},"version":"v1"}