{"_sessions":{"BcC/Z5JI12SKLm/jx8x5O9Uu3cnuVJvP42xbEa/s/8gu":{"registrationId":2036923221,"currentRatchet":{"ephemeralKeyPair":{"pubKey":"BVfJuNrWrkQAA5YMimjSBeytZBmvj2BeD3iJlUCJTGgf","privKey":"8NNpZCTuN64pEoyK920ZaCRktAshnGrIGdLFGZH2pW0="},"lastRemoteEphemeralKey":"BWGh2CoONN4oUA9AEvZlLWAc926EVunwoLGjDP5J2xxT","previousCounter":0,"rootKey":"eBIg1zDuMBSHVjtUaOKMlGE3SR1z7SNOb4S7mw9ee4w="},"indexInfo":{"baseKey":"BcC/Z5JI12SKLm/jx8x5O9Uu3cnuVJvP42xbEa/s/8gu","baseKeyType":1,"closed":-1,"used":1741096689553,"created":1741096689553,"remoteIdentityKey":"BaxPRr7d8R2SWDGTebupwKrsFGsfYQg3wHb6ZhxacbBz"},"_chains":{"BVfJuNrWrkQAA5YMimjSBeytZBmvj2BeD3iJlUCJTGgf":{"chainKey":{"counter":2,"key":"jTTqXF1IW0H9oBKBzlcT4RjDG/SuoqWFAVxCcRyMQ34="},"chainType":1,"messageKeys":{}}},"pendingPreKey":{"signedKeyId":19,"baseKey":"BcC/Z5JI12SKLm/jx8x5O9Uu3cnuVJvP42xbEa/s/8gu","preKeyId":5547650}}},"version":"v1"}