{"_sessions":{"BQy1qUf9dqIalkqJNFO8awSVM6KHzXsGGNxdNhz6J5I9":{"registrationId":289060992,"currentRatchet":{"ephemeralKeyPair":{"pubKey":"BXI5ShUclXoVm2kmJJUBedo2LxNPbU93fvCgnB+O0EdL","privKey":"cFdlAc5jCUXvKiEr3bGejkRfmsnp/Pgu0LM14QgROEQ="},"lastRemoteEphemeralKey":"BZk+01yafLgLWGi4nQ78+QQvcvY8O4LPwCt7OH3uc9tS","previousCounter":0,"rootKey":"/XrbNcSNopMIhHdK7EUeAybKtZe0QTjcymlA6w04wng="},"indexInfo":{"baseKey":"BQy1qUf9dqIalkqJNFO8awSVM6KHzXsGGNxdNhz6J5I9","baseKeyType":2,"closed":-1,"used":1741096688463,"created":1741096688463,"remoteIdentityKey":"BW7G6YaVK611Ln04a3Bpcjdo2W5j17rubcsCrXBJyPMT"},"_chains":{"BZk+01yafLgLWGi4nQ78+QQvcvY8O4LPwCt7OH3uc9tS":{"chainKey":{"counter":0,"key":"5QLE5VgK8brJgNeGgEekMJ9HHusuzDcbSI55vdmYfs0="},"chainType":2,"messageKeys":{}},"BXI5ShUclXoVm2kmJJUBedo2LxNPbU93fvCgnB+O0EdL":{"chainKey":{"counter":2,"key":"m8382GpVWVgvdgi/3DeRvxouRVgwpm744VykzbxlpvI="},"chainType":1,"messageKeys":{}}}}},"version":"v1"}