{"_sessions":{"BdZaWn5+zMG3Pal+IMcKAbgsGSE2byf4ZGA9HZ7iyz5V":{"registrationId":510851037,"currentRatchet":{"ephemeralKeyPair":{"pubKey":"BVLM0zPYvn/OosIMF2whQLVkXgJj3E9LBUQ6FMIJKJwX","privKey":"YE3h70gifuDeuiF96ijTlwGqKYN5j4jfBl6R3Dfx7nE="},"lastRemoteEphemeralKey":"Bb+OTRPoqAE94g4vlMGS1MbczvOQZWUPfot+KNFPBb8d","previousCounter":0,"rootKey":"DSbnB41Yd/4jq2lRdLYfj0vo2C5aKDZYZ4ekrulD1C4="},"indexInfo":{"baseKey":"BdZaWn5+zMG3Pal+IMcKAbgsGSE2byf4ZGA9HZ7iyz5V","baseKeyType":1,"closed":-1,"used":1741096689495,"created":1741096689495,"remoteIdentityKey":"BSrj6o9ru45oViDSV5pR8Vmum/mDVMpT5VX84yTRIBNK"},"_chains":{"BVLM0zPYvn/OosIMF2whQLVkXgJj3E9LBUQ6FMIJKJwX":{"chainKey":{"counter":2,"key":"g/djlQD+FIoS8oD0QYsIyPyU2a2pm8oIY4z7FwWCt40="},"chainType":1,"messageKeys":{}}},"pendingPreKey":{"signedKeyId":3,"baseKey":"BdZaWn5+zMG3Pal+IMcKAbgsGSE2byf4ZGA9HZ7iyz5V","preKeyId":181}}},"version":"v1"}