{"_sessions":{"BS5deg2vpYT2YXcQG3gPW9zt1deeYycQTXgX3tRdAMEt":{"registrationId":574048751,"currentRatchet":{"ephemeralKeyPair":{"pubKey":"BYD8aJu4xMfdPgJTi1Emz+5w/wxueva0V9ZwFohiPBhY","privKey":"mOdQ+NtTx2fcyPKqk4AQiR1nkF3Wbve9PVw0H0rDKXQ="},"lastRemoteEphemeralKey":"Bf+6h3tq4Yi9qoTA29D4OCDuopzV49pLp2ojNdZpejF9","previousCounter":0,"rootKey":"CRyuGCUUaKk9V1J1yBGExDVaGipEhfX34c1pAJXpRww="},"indexInfo":{"baseKey":"BS5deg2vpYT2YXcQG3gPW9zt1deeYycQTXgX3tRdAMEt","baseKeyType":2,"closed":-1,"used":1741095376290,"created":1741095376290,"remoteIdentityKey":"BWVzGkmGFiIVsE2ExTCmZirol7K2CtAHYc8wrV0jKNkQ"},"_chains":{"Bf+6h3tq4Yi9qoTA29D4OCDuopzV49pLp2ojNdZpejF9":{"chainKey":{"counter":0,"key":"lR3pIRasgIEucfMWZzfqZVEEPgQIVDAMfR63J4JDaeQ="},"chainType":2,"messageKeys":{}},"BYD8aJu4xMfdPgJTi1Emz+5w/wxueva0V9ZwFohiPBhY":{"chainKey":{"counter":-1,"key":"rE8VkWdghGodsyWigNtqN68eeHLoUG0j0Y708cPODX0="},"chainType":1,"messageKeys":{}}}}},"version":"v1"}