{"_sessions":{"BR0Q1pKV6ue+oOHBvuRHUvRja1Aon/kgKjFeWXZnubts":{"registrationId":1804437054,"currentRatchet":{"ephemeralKeyPair":{"pubKey":"BYcDR3I9VPfsSAGHd5ai+vdIA1cROi2nelRqlQEqPAgL","privKey":"iDtPFds6qzbK3qEmd5b8Q0GD71VzycC4wn/Y0svt+F4="},"lastRemoteEphemeralKey":"Bb4utyBF0gA1vFVlB5ZN09BqvB4z5yO63aoaeBAQVo9T","previousCounter":0,"rootKey":"XzL58c7Wex2L6P+rRAdRfyVk7HCS4SHYgau+B/93Lak="},"indexInfo":{"baseKey":"BR0Q1pKV6ue+oOHBvuRHUvRja1Aon/kgKjFeWXZnubts","baseKeyType":2,"closed":-1,"used":1741082649432,"created":1741082649432,"remoteIdentityKey":"BQpb5FKVuIDvZFGAAvtcyLLrcFmT3W4aDipuszrZ+XBe"},"_chains":{"Bb4utyBF0gA1vFVlB5ZN09BqvB4z5yO63aoaeBAQVo9T":{"chainKey":{"counter":0,"key":"vT7EiiyAUaqO8luC4ndbgRS5/oSgHQSRTAjaIPsfUyM="},"chainType":2,"messageKeys":{}},"BYcDR3I9VPfsSAGHd5ai+vdIA1cROi2nelRqlQEqPAgL":{"chainKey":{"counter":-1,"key":"3JUXlQ9a2zcChKUsUNqALfpgM2XE38LE8MPdRzbIw00="},"chainType":1,"messageKeys":{}}}}},"version":"v1"}