{"_sessions":{"BYSZ6KRYdNR4W/xKlaCl4599EU4NJ/387FjyaXW5IH1t":{"registrationId":563240224,"currentRatchet":{"ephemeralKeyPair":{"pubKey":"BdfIK/F4jcChYk9rYgOkud7gD2qzZk78a3zs3iENyQk5","privKey":"mDkk/crLVPXwG/KWeOA4GqBfM+wVULqY+7mIbAFC83s="},"lastRemoteEphemeralKey":"BYrR6wCflL920h4q++08t24Jw8ygLUXcSvS77zHJ4h5q","previousCounter":0,"rootKey":"H68eeko7z9K3tWGeHT7Y8zVPHC2sa7D0yRrkg4hs9nw="},"indexInfo":{"baseKey":"BYSZ6KRYdNR4W/xKlaCl4599EU4NJ/387FjyaXW5IH1t","baseKeyType":1,"closed":-1,"used":1741096689526,"created":1741096689526,"remoteIdentityKey":"BV7HZ4fBsP8LgxEX2buPfalkJ6H+8/hoDAdr9IUpFhVZ"},"_chains":{"BdfIK/F4jcChYk9rYgOkud7gD2qzZk78a3zs3iENyQk5":{"chainKey":{"counter":2,"key":"wXmiN/1eIY1EfF/xT91+k+RDvmlnOlCnKbBEc0BCit8="},"chainType":1,"messageKeys":{}}},"pendingPreKey":{"signedKeyId":4,"baseKey":"BYSZ6KRYdNR4W/xKlaCl4599EU4NJ/387FjyaXW5IH1t","preKeyId":2945398}}},"version":"v1"}