{"_sessions":{"Bb/LPtLXlUhiATk1EbFtmhNiagL14MWiMPCBTR9AcUh9":{"registrationId":1465620301,"currentRatchet":{"ephemeralKeyPair":{"pubKey":"BapTWS26Vos3thwhRWULfDG7y1Z9/0xCSmBVVc+pS5V3","privKey":"KIQunkAxlBthR7+Rctked44RDDjUZO7WW0T6D2nOXVY="},"lastRemoteEphemeralKey":"BYfIJBIMF6ps5i+VFUa2Elf0jKm6po6JASsYamWqxDsX","previousCounter":0,"rootKey":"9x77naavWE3DUeyGtxX0EXehBjrPl+Jr4fEEHBSOxBU="},"indexInfo":{"baseKey":"Bb/LPtLXlUhiATk1EbFtmhNiagL14MWiMPCBTR9AcUh9","baseKeyType":2,"closed":-1,"used":1741099673350,"created":1741099673350,"remoteIdentityKey":"BRe6QxQjt26EYs0OVg9N3FtyGZWCKICEYwUeGVlw3LkL"},"_chains":{"BYfIJBIMF6ps5i+VFUa2Elf0jKm6po6JASsYamWqxDsX":{"chainKey":{"counter":0,"key":"yn2S5DZrDwDkvjxvWruFYd9T1qZQpD/5AMPx+/4zvo0="},"chainType":2,"messageKeys":{}},"BapTWS26Vos3thwhRWULfDG7y1Z9/0xCSmBVVc+pS5V3":{"chainKey":{"counter":-1,"key":"t3h1rE990Vk1Yb7eLFm2lu4UjnuXhPRqCcxLcL2DVSg="},"chainType":1,"messageKeys":{}}}}},"version":"v1"}